:100000000C94A6050C94EF050C94EF050C94EF05E9
:100010000C94EF050C94EF050C94EF050C94EF0590
:100020000C94EF050C94EF050C94B2420C948843A9
:100030000C9486380C94EF050C94EF050C94EF05A6
:100040000C94EF050C94EF050C94EF050C94EF0560
:100050000C94EF050C94FB380C94EF050C94EF0511
:100060000C94EF050C94EF050C94EF050C94EF0540
:100070000C94EF050C94EF050C94EF050C94EF0530
:100080000C94C21F0C94EF050C94EF050C94EF0533
:100090000C94EF050C94EF05E606A906AB06AE0638
:1000A000B106B406BA06C006C406C50BC50BF70BED
:1000B000F70B440C780D780D780D620CF70C080DD9
:1000C000080D680D780D780D710D140E140E260EA6
:1000D000260E1D0E260E260E260E140E140E220EB1
:1000E000260E260E220E162119211F213021F52160
:1000F000C72232225F228F22EE2EDA2EF92EFE2E1A
:10010000032F082F0D2F122F172F1C2F212F262FD3
:100110002B2F302F352F3A2F3F2F442F492F4E2F83
:10012000532F582F5D2F622F672F6C2F712F762F33
:10013000F94320441845204418456C448F44184521
:10014000E644F54407634236B79BD8A71A39685688
:1001500018AEBAAB558C1D3CB7CC5763BD6DEDFDE9
:10016000753EF6177231BF000000803F08000000A6
:10017000BE922449123EABAAAA2ABECDCCCC4C3E9C
:1001800000000080BEABAAAAAA3E00000000BF008B
:100190000000803F0000000000084178D3BB438787
:1001A000D1133D190E3CC3BD4282AD2B3E68EC829B
:1001B00076BED98FE1A93E4C80EFFFBE01C4FF7F20
:1001C0003F00000000000026364600273747002881
:1001D0003848002E3E4E002F3F4F00304050012641
:1001E00036460127374701283848012E3E4E012F59
:1001F0003F4F0130405000293949002A3A4A002B2C
:100200003B4B0031415100324252003343530129EC
:100210003949012A3A4A012B3B4B01314151013204
:1002200042520133435300A4948400A5958500A64F
:10023000968600AC9C8C00AD9D8D00AE9E8E01A478
:10024000948401A5958501A6968601AC9C8C01AD90
:100250009D8D01AE9E8E00A7978700A8988800A963
:10026000998900AF9F8F00B0A09000B1A19100B21A
:10027000A28101A7978701A8988801A9998901AF50
:100280009F8F01B0A09001B1A1916D6F6465206A4C
:1002900075737420737769746368656420746F2064
:1002A00071776572747920616E6420746869732057
:1002B00069732061206875676520737472696E6761
:1002C0000A002B0014001A000800150017001C007B
:1002D00018000C00120013002A0029000400160068
:1002E000070009000A000B000D000E000F0033008C
:1002F0003400E1001D001B0006001900050011007C
:1003000010003600370038002800675DE000E2008A
:10031000E30003512C002C00045150005100520006
:100320004F002B0014001A00090013000A000D00F2
:100330000F0018001C0033002A00290004001500DB
:100340001600170007000B00110008000C00120037
:100350003400E1001D001B000600190005000E001E
:1003600010003600370038002800675DE000E2002A
:10037000E30003512C002C000451500051005200A6
:100380004F002B0034003600370013001C0009001A
:100390000A00060015000F002A00290004001200C0
:1003A000080018000C0007000B00170011001600D1
:1003B0003800E100330014000D000E001B000500A2
:1003C00010001A0019001D002800675DE000E2001F
:1003D000E30003512C002C00045150005100520046
:1003E0004F0035021E021F022002210222022302B8
:1003F00024022502260227022A004C003A003B0074
:100400003C003D003E003F002D022E022F02300234
:100410003102010040004100420043004400450019
:10042000320264024A004D00010001000100010097
:1004300001000100010001000100AB00AA00A900B9
:10044000AE0035001E001F00200021002200230006
:1004500024002500260027002A004C003A003B001B
:100460003C003D003E003F002D002E002F003000DC
:1004700031000100400041004200430044004500BB
:10048000320064004B004E00010001000100010039
:1004900001000100010001000100AB00AA00A90059
:1004A000AE001E001E001E001E001E001E001E00CC
:1004B0001E001E001E001E001E00000014001A0078
:1004C0000800150017001C0018000C001200130093
:1004D0002F00000004001600070009000A000B00AE
:1004E0000D000E000F0033003400685D00000000B6
:1004F00006001900000000001100100000000000BC
:1005000000000100005C015CC35CC45CC65CC75CAD
:10051000C85CC95CCA5CCB5C4C0001000100295C72
:100520001D5C1E5C135C0A5C635D645D655D665DFD
:10053000010001002B5C2A5C265C275C2C5C2D5C96
:1005400000000000010001000100010001000100A5
:100550000100010001000100010001000100010093
:10056000010044454255473A2064697361626C65F5
:10057000642E0A0044454255473A20656E61626C1C
:1005800065642E0A004F6E6573686F743A2061636C
:10059000746976653A2025640A000A0025303258CD
:1005A000006B6579626F6172645F7365745F6C651F
:1005B000643A20000A002530313662003A200025D6
:1005C000303258000A722F632030313233343536DE
:1005D0003738394142434445460A00726762206D0C
:1005E0006174726978207365742073706565642026
:1005F0005B25735D3A2025750A00726762206D6184
:10060000747269782073657420687376205B257333
:100610005D3A2025752C25752C25750A00726762B8
:10062000206D6174726978206D6F6465205B25733D
:100630005D3A2025750A00726762206D61747269E7
:100640007820746F67676C65205B25735D3A207254
:1006500067625F6D61747269785F636F6E66696708
:100660002E656E61626C65203D2025750A007267FB
:10067000625F6D61747269785F696E69745F6472DC
:100680006976657273207267625F6D6174726978F2
:100690005F636F6E6669672E6D6F6465203D203005
:1006A0002E2057726974652064656661756C7420CC
:1006B00076616C75657320746F20454550524F4DBF
:1006C0002E0A007267625F6D61747269785F696E8D
:1006D00069745F64726976657273206565636F6EB5
:1006E000666967206973206E6F7420656E61626C45
:1006F00065642E0A007267625F6D61747269785F6B
:10070000636F6E6669672E666C616773203D202596
:10071000640A007267625F6D61747269785F636F0B
:100720006E6669672E7370656564203D2025640AD6
:10073000007267625F6D61747269785F636F6E6685
:1007400069672E6873762E76203D2025640A007234
:1007500067625F6D61747269785F636F6E66696707
:100760002E6873762E73203D2025640A007267621E
:100770005F6D61747269785F636F6E6669672E681A
:1007800073762E68203D2025640A007267625F6DD3
:1007900061747269785F636F6E6669672E6D6F64EE
:1007A00065203D2025640A007267625F6D61747286
:1007B00069785F636F6E6669672E656E61626C65EE
:1007C000203D2025640A007267625F6D6174726962
:1007D000785F636F6E66696720454550524F4D0ADA
:1007E000006565636F6E6669675F757064617465E7
:1007F0005F7267625F6D61747269785F646566617C
:10080000756C740A0000010101010101010101027E
:1008100002020202020202020303030303030303B0
:10082000040404040404040505050505060606067B
:1008300006070707070708080808090909090A0A37
:100840000A0B0B0B0C0C0C0D0D0D0E0E0E0F0F0FDB
:100850001010111111121213131414151516161766
:1008600017181819191A1A1B1B1C1D1D1E1E1F20D4
:1008700020212222232424252626272829292A2B21
:100880002C2D2D2E2F303132323334353637383946
:100890003A3B3C3D3E3F4041424344454647484940
:1008A0004A4C4D4E4F50515354555658595A5B5D12
:1008B0005E5F616264656668696B6C6D6F707273B0
:1008C0007577787A7B7D7E8082838587888A8C8E17
:1008D0008F91939596989A9C9EA0A2A3A5A7A9AB49
:1008E000ADAFB1B3B5B7BABCBEC0C2C4C6C9CBCD3B
:1008F000CFD1D4D6D8DBDDDFE2E4E7E9EBEEF0F3ED
:10090000F5F8FAFDFF0A002530325820006B6579B2
:10091000626F6172645F7265706F72743A20006416
:10092000656C5F6B65795F6269743A2063616E27FD
:10093000742064656C3A20253032580A0061646482
:100940005F6B65795F6269743A2063616E2774201A
:100950006164643A20253032580A004B6579626F31
:100960006172642073746172742E0A005B575D00BB
:100970005B535D005B525D005B445D005B435D006B
:100980001A0350006C0061006E0063006B002000D1
:100990004C00690067006800740000000A034F0003
:1009A0004C004B0042000000040309040902BF0090
:1009B000050100A0FA09040000010301010009215A
:1009C000110100012240000705810308000A090403
:1009D00001000103000000092111010001226D0046
:1009E0000705820320000A09040200020300000038
:1009F00009211101000122220007058303200001C3
:100A000007050303200001080B0302010100000990
:100A10000403000001010000092401000109000194
:100A2000040904040002010300000724010001413D
:100A30000006240201010006240202020009240328
:100A4000010301020100092403020401010100095C
:100A50000505024000050000052501010109058486
:100A600002400005000005250101031201000200FB
:100A7000000008A803A2BE0100010200010631FF28
:100A80000974A1010975150026FF009520750881DC
:100A9000020976150026FF00952075089102C00511
:100AA000010980A101850319012AB700150126B7A4
:100AB00000950175108100C0050C0901A101850494
:100AC00019012AA002150126A002950175108100C6
:100AD000C005010906A1018505050719E029E715EB
:100AE0000025019508750181020507190029EF15F8
:100AF00000250195F0750181020508190129059568
:100B00000575019102950175039101C00501090662
:100B1000A101050719E029E71500250195087501D0
:100B200081029501750881010507190029FF15004B
:100B300026FF00950675088100050819012905950D
:100B40000575019102950175039101C011241FBE25
:100B5000CFEFD0E2DEBFCDBF04B603FE27C0809149
:100B6000950B9091960BA091970BB091980B8730B5
:100B7000904BA740B04BD1F41092950B1092960B6E
:100B80001092970B1092980B14BE84B7877F84BF86
:100B90000FB6F894A89580916000886180936000FA
:100BA000109260000FBEE0E0F0EF099517E0A0E0C2
:100BB000B1E0EAE7F5E900E00BBF02C007900D9253
:100BC000A43BB107D9F72BE0A4EBB7E001C01D921D
:100BD000A539B207E1F70E94A41A0C94BB4A0C9401
:100BE0000000FF93EF93E091B407F091B5073097C1
:100BF00009F00995EF91FF910895FC0185918030EE
:100C000011F0EFDFFBCF0895FF27E0E230E247FF6E
:100C10000CC0419597FF09C0EDE2609570958095F5
:100C20009095611D711D811D911D27FF02C02195A9
:100C300030E350E2AA27660F771F881F991FAA1F6B
:100C4000A41710F0A41B63955A95A9F7AA3008F0D1
:100C5000A95FA05DAF93F3956115710581059105BD
:100C600041F7ED3211F4EF93F395F21718F43F9337
:100C7000F395FBCF8F91B5DFFA95E1F70895E991F0
:100C8000F9918591803021F0853219F0AADFF9CFF2
:100C9000089520E0E89455915532C1F3503311F492
:100CA000689455915A3348F4505390F3220F022E12
:100CB000220F220F200D250FF4CF0EF421958991DC
:100CC0009991533619F3533729F1533559F1BC0132
:100CD00088279927E8945C3621F489919991689442
:100CE0005591543639F446EF7EF077FF0DC08FEF03
:100CF0009FEF0AC055374AE039F0583540E121F0FE
:100D0000523642E009F00895FF93EF937DDFEF91B3
:100D1000FF91B7CFFF93EF93FC0181918030B9F33E
:100D200060DFFBCFFF93EF9368DFF1CFDF93CF93CB
:100D3000CDB7DEB72596A3DFCF91DF910895482F79
:100D400050E04930510528F5FA01E45BFF4F0C945F
:100D5000B84981E008958091BD0708958091BA0750
:100D600011C08091BA0712C08091BA0782FB882710
:100D700080F908958091BA0783FB882780F9089548
:100D80008091BC07817008958091BC078695817021
:100D90000895895041E050E060E070E004C0440FE5
:100DA000551F661F771F8A95D2F78091B6079091DD
:100DB000B707A091B807B091B907482359236A2310
:100DC0007B2381E0452B462B472B09F480E00895D7
:100DD0001F93CF93DF93809104010E949F06182FE9
:100DE000809105010E949F06C82F809106010E94F4
:100DF0009F06D82F809107010E949F064091BD0752
:100E0000411148C0EC2FF0E0EE0FFF1FE45FFE4FF2
:100E1000E10FF11D94E0D99FE00DF11D112498E040
:100E2000899FE00DF11D1124E0818091BB078111A4
:100E300009C02091BC0730E02F5F3F4F237033275C
:100E40002093BC0790E0019663E070E00E94824925
:100E50008093BB078091BA0790E001968F70992725
:100E60008093BA078091B6079091B707A091B80711
:100E7000B091B907880F991FAA1FBB1F8E0F911D34
:100E8000A11DB11D8093B6079093B707A093B80733
:100E9000B093B9074F5F41704093BD07809108013F
:100EA0000E949F06D82F809109010E949F06C82F9B
:100EB00080910A010E949F06CC0F880F880FC80FEF
:100EC000CD0F80910B010E949F0698E0899FC00D75
:100ED00011248C2FDF91CF911F910895569A5E9A1D
:100EE0000C944B1980E00E94AE2F0C947A380F932B
:100EF00006E024E043E00E94D4080F910895CF93C8
:100F0000FB0185362DE5920729F140F483362DE566
:100F1000920771F084369D45A9F067C087362DE5AC
:100F20009207F1F038F188369D4509F44FC05DC055
:100F3000C281CC2309F45AC08AE892E00E94FD05E0
:100F400080E005C0C281CC2309F450C081E00E943A
:100F5000AC0849C0C281CC2309F448C082E0F7CF75
:100F6000C28185EECC2319F00E94630A3CC00E9426
:100F7000050B3CC0C281CC23C9F10E941B1B40E081
:100F800066E070E082E192E00E94851B84E00E94AE
:100F9000E40E83E00E94E40E86E00E94E40E85E009
:100FA0000E94C30E0E94BF14811102C00E947515D9
:100FB0000E94D7149093F20880688093F108809182
:100FC000F1089091F2080E94E8140DC0C281CC2370
:100FD00069F040E066E070E082EE91E00E94851BDF
:100FE00085E00E94E40EC0E001C0C1E08C2FCF91EB
:100FF00008951F93CF93DF93CDB7DEB7A3970FB6B6
:10100000F894DEBF0FBECDBF2091C1078091BE070F
:101010009091BF072223B1F1892B21F583E2E2E70A
:10102000F6E0DE01119601900D928A95E1F70E949B
:10103000E806E1E0F0E0EC0FFD1FE80FF11D108184
:101040008091E101180F8091C007181759F00E9494
:10105000AF1A0E942F1C812F0E94AF1A0E946E1D92
:101060001093C0078091BE079091BF0701966091D1
:10107000DF017091E0010E946E499093BF07809359
:10108000BE0708C0892B31F00E941B1B1092BF07BE
:101090001092BE07A3960FB6F894DEBF0FBECDBF69
:1010A000DF91CF911F91089583509145029710F0E1
:1010B00081E0089580E0089581E008950C947F0711
:1010C00008950C9460081F93CF93DF9300D000D055
:1010D0001F92CDB7DEB749835A836B833091C20725
:1010E00089819A81311114C0662359F0222349F075
:1010F0000E94B80F182F682F89819A810E94610F72
:1011000003C00E948C0F182F69817A81812F04C03F
:101110000E94B80F69817A810F900F900F900F9005
:101120000F90DF91CF911F910C94A816FC01262FF0
:10113000408151816281738184810C94630881E0D4
:101140000895CF93DF93EC0160E00E949608BE0102
:10115000DF91CF910C946108CF92DF92EF92FF92D2
:10116000CF93C82F20E8829FC001112440E060E1A6
:1011700070E08E5B9D4F0E94851BC12CD12C7601A7
:10118000C39404C0CC0CDD1CEE1CFF1CCA95D2F726
:101190008C2D0E94D214C701B601CF91FF90EF9021
:1011A000DF90CF900C94630E8F929F92AF92BF927C
:1011B000CF92DF92EF92FF920F931F936B017C010E
:1011C00081E090E0A0E0B0E04C015D0104C0880C3B
:1011D000991CAA1CBB1C4A95D2F7AC01BD0104C0E6
:1011E000440F551F661F771F2A95D2F748295929A2
:1011F0006A297B2904C0880F991FAA1FBB1F0A9563
:10120000D2F78A019B010C211D212E213F2140177D
:1012100051076207730739F4BC01CD016C297D29A0
:101220008E299F290AC080959095A095B095BC0104
:10123000CD016C217D218E219F211F910F91FF9067
:10124000EF90DF90CF90BF90AF909F908F900895D8
:101250000E94CC180E94090A0E94001C0E947F2F45
:101260000C946E070E9467230C9449190895CF933C
:10127000DF930E94020E0E94FB220E942C230E94F8
:10128000B838EC0140E063E070E082EC93E00E944B
:10129000851B0E943609CE010E94D0388A3F9105F5
:1012A00038F48FE99FE00197F1F700C00000F3CF19
:1012B0000E941B1BDF91CF910C9421390F931F9338
:1012C000CF93DF938C0161E00E949608EC01B80196
:1012D0000E945E08882399F1B801CE010E94CE1ABF
:1012E000882369F1B801CE010E94C223882339F115
:1012F000B801CE010E944E34882309F1B801CE0115
:101300000E94A0348823D9F0B801CE010E94F8359C
:101310008823A9F0B801CE010E943F33882379F0D9
:10132000F80182818823E1F1CF3D8CE5D80781F176
:1013300060F4C115FCE5DF0721F40E943709C0E025
:1013400036C0C130DC4579F02BC0CC35EDE5DE0789
:1013500029F1CD35FDE5DF07F1F0CB35DD4501F5B0
:101360000E94F4131DC080915708C82FC095C1700A
:10137000C0FB80F980935708CC2329F084E795E0DF
:101380000E94FD05DCCF82E695E00E94FD050FC0BE
:101390000E947515D4CF0E94EB1302C00E94F71370
:1013A000C801DF91CF911F910F910C945C088C2F95
:1013B000DF91CF911F910F9108958295982F93738C
:1013C00044E0949F900111248C7C86958695282B6F
:1013D000822F8575880F2A7A2695822B0895CF93C0
:1013E000DF93D92F0E94DD09C82F8D2F0E94DD09C0
:1013F0002C2F30E0322F2227A901482BCA01DF9180
:10140000CF91089508950C94020A81E008950C94F8
:10141000050A0895CF93C82F0E94030A8C2F0E94BB
:10142000070ACF910895CF93DF93CDB7DEB72B97FF
:101430000FB6F894DEBF0FBECDBF4F8358876987C4
:101440007A878B8761110E941A149E012F5F3F4F8C
:1014500086E0F90111928A95E9F785E0FE01379659
:10146000D90101900D928A95E1F789819A814C8189
:101470005D81452B31F09F3F31F491E08F3F19F4AE
:1014800003C091E001C090E090FF09C049815A81FA
:101490006B817C818D819E810E94061305C0C901EC
:1014A0000E949F088111F2CF2B960FB6F894DEBFF1
:1014B0000FBECDBFDF91CF910895FC018081918156
:1014C0000E94FA0F0895CF93882309F49CC0C82F77
:1014D0008238C1F40E940C3781FD95C069E3809188
:1014E000DA039091DB030E9451380E944C142FEFD5
:1014F00081EE94E0215080409040E1F700C0000070
:1015000069E319C0833801F50E940C3780FD7BC068
:1015100063E58091DA039091DB030E9451380E94C9
:101520004C142FEF81EE94E0215080409040E1F781
:1015300000C0000063E58091DA039091DB030E9414
:101540005C38CF910C944C148438C1F40E940C3751
:1015500082FD59C067E48091DA039091DB030E9419
:1015600051380E944C142FEF81EE94E021508040BE
:101570009040E1F700C0000067E4DDCF8CEF8C0FF6
:10158000813AD0F46C2F8091DA039091DB030E94B2
:10159000AF37882349F06C2F8091DA039091DB03F9
:1015A0000E945C380E944C146C2F8091DA03909159
:1015B000DB030E945138C5CF80E28C0F883048F49D
:1015C000C77081E001C0880FCA95EAF70E94FD1339
:1015D000B8CFEBE5EC0FE33040F4F0E0E751F94F22
:1015E000808190E0CF910C946D37C85AC73158F480
:1015F000EC2FF0E0EE0FFF1FE554F94F8081918151
:10160000CF910C948337CF910895882309F45BC060
:10161000682F823879F40E940C3781FF54C069E347
:101620008091DA039091DB030E9451380E944C14A0
:1016300069E310C08338B1F40E940C3780FF43C0C7
:1016400063E58091DA039091DB030E9451380E9498
:101650004C1463E58091DA039091DB030E945C38BF
:101660000C944C14843879F40E940C3782FF2BC000
:1016700067E48091DA039091DB030E9451380E9465
:101680004C1467E4E7CF8CEF860F813A18F380E2C1
:10169000860F883048F4677081E001C0880F6A9532
:1016A000EAF70E940314DCCF8BE5860F833020F429
:1016B00080E090E00C946D37685A673120F480E048
:1016C00090E00C94833708951F93CF93DF93182FE6
:1016D000EB010E94630A209741F08FE99FE0019798
:1016E000F1F700C000002197F6CF812FDF91CF9155
:1016F0001F910C94050B893319F060E070E002C073
:1017000060E570E00C94640B882321F00E94FD13C7
:101710000C944C140895882321F00E9403140C9417
:101720004C140895CF92DF92EF92FF920F931F9384
:10173000CF93DF937C01062FC72FFC01D281158147
:1017400012951F700E94BE13882399F0DD2389F043
:101750008C2F807F803421F080E2800F883048F029
:1017600082E00E949C140E94BE1391E0D82ED926DC
:1017700001C0D12CCC2EC2948FE0C8228C2D90E0D9
:10178000FC01EB5AFF4F0C94B8498C2F807FCF702F
:10179000882311F0C295C07FDD2399F0CC2309F492
:1017A00082C180E2800F883010F0011104C08C2FBC
:1017B0000E94FD1303C08C2F0E940D140E944C1434
:1017C00072C1802F0E94050BCC2309F491C180E2E5
:1017D000800F883010F0011104C08C2F0E94031478
:1017E00003C08C2F0E9413140E944C1481C18C2FB3
:1017F000807FCF70803211F0C295C07F002319F036
:101800000130C9F022C0DD2371F0112341F0113005
:1018100031F40E942D148C2B0E94351469C10E9452
:101820002D148C2B1DC0112319F0113009F460C147
:101830000E94421425C0DD2321F0163008F058C163
:101840000EC0153008F054C11BC0DD2361F0112318
:1018500031F0F701858180FF26C18F7085838C2F41
:101860000E94840B45C1112359F0093309F02CC1A2
:10187000FFEF27EE83E0F15020408040E1F722C1E6
:101880008C2F0E948B0B34C18C2F8695869583708C
:1018900019F0813061F02CC1DD2321F0802F9C2FC5
:1018A000937002C080E090E00E946D3729C1DD2373
:1018B00021F0802F9C2F937002C080E090E00E9466
:1018C00083371EC18C2F837009F045C0D11114C11C
:1018D000402F429546954770440F440F602F6F701C
:1018E000862F90E0A0E0B0E0042E04C0880F991F7E
:1018F000AA1FBB1F0A94D2F704FF10C00FE010E02C
:1019000020E030E004C0000F111F221F331F4A9552
:10191000D2F7009510952095309503C000E010E0B7
:101920009801C695C695C370BC01CD01602B712B83
:10193000822B932BC23049F058F4C13019F00E9429
:10194000770EDAC00E94650ED7C00E94890ED4C0FF
:101950000E94630ED1C0DD2319F08C2F817001C06D
:101960008695882309F4C8C0402F42954695477054
:10197000440F440F602F6F70862F90E0A0E0B0E01E
:10198000042E04C0880F991FAA1FBB1F0A94D2F708
:1019900004FF10C00FE010E020E030E004C0000FB2
:1019A000111F221F331F4A95D2F7009510952095DD
:1019B000309503C000E010E09801C695C695C3704D
:1019C000BC01CD01602B712B822B932BC23049F0CF
:1019D00058F4C13019F00E943C0F8EC00E942A0FAB
:1019E0008BC00E944E0F88C00E949D0E85C0CF7094
:1019F000DD2339F08C2F0E94C30E802F0E94840BB0
:101A00007BC0802F0E948B0B8C2F0E94E40E74C031
:101A1000023F01F128F4003F41F0013FA1F03FC037
:101A2000033FF9F0043F39F13AC0DD2341F01530AE
:101A300008F05EC08C2F8F710E94090F59C01630BC
:101A400008F056C0F7CFDD2339F08C2F8F710E943C
:101A5000C30E4EC0DD23C9F38C2F8F710E94E40E9C
:101A600047C0DD2329F08C2F8F710E94AE0E40C03D
:101A70000E94A90E3DC0DD2349F0CF718C2F0E943A
:101A8000C30E63E08C2F0E94811432C081E00E945B
:101A90009C14123068F182E00E949C1429C0DD235E
:101AA00031F0112391F2802F0E94630A21C011238B
:101AB00099F2093349F49FEFE7EEF3E09150E040EB
:101AC000F040E1F700C00000802F0E94050B10C01D
:101AD0004C2F4F70602FC7010E94A4160E9428103F
:101AE0000FC04C2F4F70602FC7010E94A71608C06F
:101AF00088EF8C0D843020F40E940C370E940A0A73
:101B0000DD20C9F00E94BA1380FD15C0F7011282D2
:101B10000E94B4130E94C30EC7010E94BC0D0E9414
:101B2000B413DF91CF911F910F91FF90EF90DF9051
:101B3000CF900C94E40EDF91CF911F910F91FF9005
:101B4000EF90DF90CF9008950F931F93CF93DF9383
:101B5000EC01688179818A810E9405108C010E94C4
:101B6000600F0E94510EB801CE010E94920BDF91CE
:101B7000CF911F910F910895CF93DF93EC0198813E
:101B800089812B813C81232B31F08F3F31F481E01F
:101B90009F3F19F403C081E001C080E080FD19C0BF
:101BA000CE010E945E0981110CC00E94BE138823E1
:101BB00081F08A81882369F082E0DF91CF910C94D3
:101BC0009C14CE010E94A40DCE01DF91CF910C9404
:101BD000A108DF91CF91089580E090E00E946D37D9
:101BE00080E090E00E9483370E941A140E942A1419
:101BF0000C944C148091DA039091DB030E946738B7
:101C00000C94EC0D0E940A140C94FA0DE92FE29545
:101C1000EF704E2F50E0FA013297EE30F105B0F43C
:101C2000EB59FF4F0C94B849803F91F018F4883E6F
:101C300068F40EC0843F51F40BC0883E48F0813FE9
:101C400029F406C093FB882780F9089580E0089561
:101C500081E00895FC01808191810E94FA0F0E9429
:101C6000060E0895CF93DF9300D000D01F92CDB71A
:101C7000DEB70F900F900F900F900F90DF91CF91E4
:101C80000895CF93DF9300D000D000D0CDB7DEB75A
:101C900026960FB6F894DEBF0FBECDBFDF91CF9171
:101CA0000895089508950C94520E0C94530E0E94BA
:101CB000550E6093E5077093E6078093E7079093CE
:101CC000E8070C94EC0D0C94570E0F931F930091A2
:101CD000E5071091E6072091E7073091E807602BB0
:101CE000712B822B932B1F910F910C94570E0F93F6
:101CF0001F930091E5071091E6072091E7073091C7
:101D0000E80760237123822393231F910F910C9482
:101D1000570E0F931F930091E5071091E60720914E
:101D2000E7073091E80760277127822793271F91E3
:101D30000F910C94570E0C9477070E949B0E6093A2
:101D4000E1077093E2078093E3079093E4070C9414
:101D5000EC0D60E070E0CB010C949D0E0F931F938F
:101D600041E050E060E070E08A019B0104C0000F98
:101D7000111F221F331F8A95D2F7C901B8011F9185
:101D80000F910C949D0E0F931F9341E050E060E083
:101D900070E004C0440F551F661F771F8A95D2F765
:101DA0008091E1079091E207A091E307B091E407E9
:101DB0008A019B01082B192B2A2B3B2BC901B80147
:101DC0001F910F910C949D0E0F931F9341E050E0D3
:101DD00060E070E004C0440F551F661F771F8A95AE
:101DE000D2F740955095609570958091E10790915C
:101DF000E207A091E307B091E4078A019B01082361
:101E000019232A233B23C901B8011F910F910C9478
:101E10009D0E0F931F9341E050E060E070E004C01E
:101E2000440F551F661F771F8A95D2F78091E107EF
:101E30009091E207A091E307B091E4078A019B012A
:101E4000082719272A273B27C901B8011F910F919D
:101E50000C949D0E0F931F930091E1071091E207E0
:101E60002091E3073091E407602B712B822B932B99
:101E70001F910F910C949D0E0F931F930091E107FA
:101E80001091E2072091E3073091E407602371236A
:101E9000822393231F910F910C949D0E0F931F93F8
:101EA0000091E1071091E2072091E3073091E407E8
:101EB00060277127822793271F910F910C949D0E05
:101EC00008952CE0929F800D1124E82FE695E69569
:101ED000E695877051E001C0550F8A95EAF785E0D5
:101EE000E89FF0011124ED53F84F20E030E070E05E
:101EF0004081CB01022E02C0969587950A94E2F7A5
:101F00008170819584278523842781932F5F3F4F9C
:101F10002530310569F708952CE0929F800D11243A
:101F2000682F669566956695982F977085E0689FEF
:101F3000B001112440E050E080E0FB01E40FF51F08
:101F4000ED53F84F208130E0092E02C036952795D9
:101F50000A94E2F721703327042E01C0220F0A945D
:101F6000EAF7822B4F5F5F4F4530510531F70895F7
:101F7000BF92CF92DF92EF92FF920F931F93CF9376
:101F8000DF938C01C090E107D090E207E090E30777
:101F9000F090E4078091E5079091E607A091E707AC
:101FA000B091E807C82AD92AEA2AFB2ACFE1D0E073
:101FB000D701C6010C2E04C0B695A79597958795B5
:101FC0000A94D2F780FD04C0219790F7B12C07C086
:101FD000BC2EB8018C2F0E94D8170197A9F38B2D26
:101FE000DF91CF911F910F91FF90EF90DF90CF90F5
:101FF000BF900895CF93DF93EC010E94B80FBE010C
:102000000E94D817DF91CF9108951F93CF93DF934C
:10201000EB019091C207992321F0CB010E94FA0FA6
:1020200013C0882349F0CB010E94B80F182F682FE6
:10203000CE010E94610F04C0CB010E948C0F182FAB
:10204000BE01812F0E94D817DF91CF911F91089573
:10205000EF92FF920F931F93CF93DF938C01892B05
:1020600009F46CC0F12CEE24E394E8012196F80108
:102070008491843740F4843008F051C0813081F07D
:10208000823019F15BC0853709F444C0A8F19CE7A0
:10209000980F903708F052C08F770E94050B41C00F
:1020A0000E5F1F4FFE01849190E2980F983050F41C
:1020B0008770FE2D01C0FF0F8A95EAF78F2F0E94CF
:1020C0001D1414C00E94630A2DC00E5F1F4FFE0135
:1020D000849190E2980F983060F48770FE2D01C0D3
:1020E000FF0F8A95EAF78F2F0E9423140E944C1449
:1020F00019C00E94050B16C00E5F1F4FFE01C49150
:10210000CC2381F08FE99FE00197F1F700C0000038
:10211000C150F6CF0E5F1F4FFE01F49003C00E9426
:10212000630A8E018F2D882309F49FCFEFE9FFE02A
:102130003197F1F700C000008150F5CFDF91CF91CA
:102140001F910F91FF90EF9008951F93CF93DF930E
:10215000C091E90716E08091EA07C81799F0D0E02E
:102160001C9FF0011D9FF00D1124E551F84F408197
:10217000518162817381848195810E94410E2196F3
:10218000C770E9CFDF91CF911F91089540911B084F
:1021900050911C0860911D0870911E0880911F08C5
:1021A000909120080C94410E0F931F93CF93DF93CF
:1021B0008091200882958F7009F05DC080911D0884
:1021C000882309F458C08091E9071091EA076091CB
:1021D0001B0870911C08C0911E08D0911F0891E047
:1021E0006F3F09F090E0292F06E0811709F443C002
:1021F000209721F07F3F21F030E003C031E001C0A3
:10220000322F90E030FD34C0089FF001099FF00D9F
:102210001124DF01A551B84F11963C911197371346
:1022200027C03C91361324C012963C91129731116D
:102230001FC013964D915C9114974C1B5D0B483C4D
:102240005105B0F4809120088F7080618093200840
:10225000E051F84F80818F70806180838BE198E03E
:102260000E94BC0DDF91CF911F910F910C94A5108E
:1022700001968770BACFDF91CF911F910F9108958A
:102280009F92AF92BF92CF92DF92EF92FF920F9305
:102290001F93CF93DF93CDB7DEB761970FB6F89456
:1022A000DEBF0FBECDBF8C0185E0F801DE011D96BB
:1022B00001900D928A95E1F7F801E28090911B0858
:1022C00060911C0820911E0830911F0821153105CE
:1022D00031F06F3F31F481E09F3F19F403C081E09A
:1022E00001C080E0F82FF1709F2E80FD3FC1F80102
:1022F00040815181A380B4808BE1C82E88E0D82E24
:10230000F0901D08F501E21BF30BFF2009F4D9C082
:1023100080912008E83CF10508F095C0282F207F27
:1023200009F052C0561313C0491311C0FE2CE1101E
:102330000EC08F708061809320080E94C610C60175
:102340000E94BC0D80912008F80185834CC1AB2808
:1023500031F05F3F31F481E04F3F19F403C081E079
:1023600001C080E080FD03C081E08E2502C080E0D6
:1023700090E0F82FF170FF2E80FF1CC08091E907DC
:102380002091EA0736E0821709F40BC190E0389FEC
:10239000F001399FF00D1124E551F84F618156137A
:1023A00006C06081461303C06281E61203C0019635
:1023B0008770E9CFFE2CEE2009F415C1809120082A
:1023C00081608093200854C0561306C0491304C08E
:1023D000E11002C0F80199C0C8010E942A0E8823AA
:1023E00061F1EE2051F120912008822F82958F70AB
:1023F00090E0029774F080911B0890911C089887D8
:102400008F831986BB86AA862C87CE0107960E94E9
:10241000BC0D86E0F801ABE1B8E001900D928A9521
:10242000E1F70E94D4100E94C6100AC0561711F19D
:10243000C8010E942A0E81112CC0C8010E94BC0D47
:10244000FF24F394D0C0282F207F81F77A2DB98AFA
:10245000A88A6E2D89890E94320E8BE198E00E9435
:10246000BC0D86E0F60111928A95E9F70E94C6102C
:10247000F12CB9C04913DCCFE110DACFF801858324
:10248000C8010E94BC0D86E0F60111928A95E9F719
:10249000AAC0EE2091F220912008822F82958F70A1
:1024A00090E002970CF4B5CF80911B0890911C0826
:1024B0009A8389831B82BD82AC822E83CE010196D2
:1024C000A6CFE83CF10508F044C0FE2CEE2009F44C
:1024D000B4CF561330C049132EC02091200820FDE0
:1024E00021C0822F82958F70482F50E041155105F1
:1024F000C9F0F80125834F30510541F08F5F982FC7
:102500009295907F822F8F70892B8583C8010E94BE
:10251000BC0D86E0F801ABE1B8E001900D928A9520
:10252000E1F73CC086E0F801ABE1B8E001900D9224
:102530008A95E1F758C0C8010E942A0E811169CF1F
:1025400080912008816080932008C8010E94BC0D02
:102550004AC07A2DB98AA88A6E2D89890E94320EC6
:1025600086E0F60111928A95E9F718C0EE2009F489
:1025700064CFC8010E942A0EF82E882309F45DCF8B
:1025800086E0F801ABE1B8E001900D928A95E1F7A1
:102590008BE198E00E945D0A0E94D4100E94C61050
:1025A00022C04D875E878D859E850E94FA0F292F58
:1025B00022952F70223028F49F7039F0811105C0C8
:1025C0000BC0243028F49F7049F4805E883020F0DE
:1025D000C8010E94BC0D9F2CF92C05C0F801958103
:1025E000907F99F7F9CF8F2D61960FB6F894DEBFE3
:1025F0000FBECDBFDF91CF911F910F91FF90EF9054
:10260000DF90CF90BF90AF909F9008951F93CF938E
:10261000DF93CDB7DEB72C970FB6F894DEBF0FBEB1
:10262000CDBF4F83588769877A878B879C87CE0178
:1026300007960E9440118823D1F09F8188852A85C2
:102640003B85232B31F08F3F31F481E09F3F19F41C
:1026500003C081E001C080E080FD47C04F81588504
:1026600069857A858B859C850E94410E3EC086E0F7
:10267000FE013796DE01119601900D928A95E1F7E1
:10268000FF81E8856A857B856115710531F0EF3F33
:1026900031F481E0FF3F19F403C081E001C080E024
:1026A00080FD23C02091EA0730E0C90101968770C0
:1026B00099274091E90750E084179507F1F1F983D4
:1026C000EA837D836C8396E0929FD001939FB00D47
:1026D0001124A551B84FFE01319601900D929A95A3
:1026E000E1F78093EA070E94A51016E08091E907C0
:1026F0009091EA07891771F1189FC0011124855143
:10270000984F0E944011882329F1E091E9071E9F0C
:10271000F0011124E551F84F4081518162817381AC
:10272000848195810E94410E8091E90790E0019695
:10273000877099278093E907D9CF0E94020E1092E3
:10274000EA071092E907EBE1F8E086E0DF011D926D
:102750008A95E9F72C960FB6F894DEBF0FBECDBF71
:10276000DF91CF911F9108958091210885958595DE
:10277000859508958091210887700895909121088A
:10278000977081E009F480E00895CF939091F2086A
:1027900092FB222720F92817E1F0C82F892FC0FBD0
:1027A00082F98093F2088091F1089091F2080E94DA
:1027B000E8148091570880FF0CC01F92CF9385E8E2
:1027C00095E09F938F930E9496060F900F900F9025
:1027D0000F90CF9108958091F20882FB882780F9AD
:1027E00091E089270C94C51381E00C94C51380E017
:1027F0000C94C51380914508089590914508892B44
:102800008093450808958095909145088923809389
:102810004508089510924508089590914408892B21
:10282000809344080895809590914408892380936B
:102830004408089510924408089590914308892B04
:10284000809343080895809590914308892380934D
:10285000430808951092430808958091220808952E
:1028600008950C9430140C9431149091F20892FD58
:1028700008C090912208981721F0809322080C94A8
:102880003314089580912208882329F01092220899
:1028900080E00C9433140895E091DA03F091DB03A7
:1028A000809145088083E091DA03F091DB03908109
:1028B00080914408892B8083E091DA03F091DB0357
:1028C000908180914308892B8083809122088823FE
:1028D00081F0E091DA03F091DB039081892B808312
:1028E0008091DA039091DB030E94993781110E9455
:1028F00042148091DA039091DB030C9418370C9406
:1029000030149091F20892FD10C098E0899F9001D8
:102910001124262B209321080E94C30E80912108A8
:102920008595859585950C947F140C94C30E109213
:10293000210880E00C947F14209121088095822347
:1029400080932108982F977041F430E0482F082E8B
:10295000000C550B2417350721F49091F20892FFD3
:1029600007C08595859585950E94E40E0C94971473
:1029700008956FEF7FEF80E090E00C948E4A80E046
:1029800090E00E945A4A21E0893E9E4F09F020E0E3
:10299000822F089582E090E00C94524A83E090E008
:1029A0000C94524A682F83E090E00C94704ACF93C5
:1029B00084E090E00E94524AC82F82E290E00E9498
:1029C000524A2C2F30E0A901582BCA01CF9108950B
:1029D000CF93C92F682F84E090E00E94704A6C2F3B
:1029E00082E290E0CF910C94704A87E090E00C94E2
:1029F000524A682F87E090E00C94704AAB01BC010A
:102A00008FE090E00C94824AAB01BC0183E190E03E
:102A10000C94824A60E070E0CB010C94041560E0F5
:102A200070E0CB010E94FE140C940A1569EE7EEF53
:102A300080E090E00E948E4A60E082E090E00E9498
:102A4000704A60E083E090E00E94704A1092E507CF
:102A50001092E6071092E7071092E80760E084E022
:102A600090E00E94704A60E082E290E00E94704A2A
:102A700060E085E090E00E94704A60E086E090E0CF
:102A80000E94704A6FEF87E090E00E94704A40E039
:102A900050E0BA0188E090E00E94824A60E08DE058
:102AA00090E00E94704A40E050E0BA0188E190E076
:102AB0000E94824A60E087E190E00E94704A40E014
:102AC00050E0BA018CE190E00E94824A60E070E040
:102AD00080E290E00E948E4A40E050E0BA0188E136
:102AE00090E00E94824A0C940F150C941615682FE2
:102AF0008EE090E00C94704A0E94C43860935308B2
:102B000070935408809355089093560860934F082B
:102B1000709350088093510890935208089585B798
:102B2000806885BF85B7806885BF089581E0089576
:102B30000C94961508950C949A150C949A150C946F
:102B40009D150C949A150C94A1150C949A150E943D
:102B50008F1580E69FE30E9445390E94A5150C94CD
:102B6000A3150E949B150C949A150E94AF380E94E1
:102B7000FC190C949F15CF93C82F8091570882FFA2
:102B80001EC080FF04C081EA95E00E94FD0580918F
:102B9000570880FF0CC01F92CF938CE995E09F935C
:102BA0008F930E9496060F900F900F900F90809138
:102BB000570880FF04C08AE995E00E94FD058C2F2C
:102BC000CF910C940A0A6F927F928F929F92AF924C
:102BD000BF92CF92DF92EF92FF920F931F93CF930A
:102BE000DF93CDB7DEB72A970FB6F894DEBF0FBEDE
:102BF000CDBF0E941E1A81110E947C1537E4832EDE
:102C000038E0932E00E010E0E02E802F0E94F018B4
:102C10005C01F401619071904F016826792661147E
:102C20007104B1F40F5F1F4F0430110569F78FEF86
:102C300089838A831B820E94B8388160782F9D83A4
:102C40008C8349815A816B818D810E94130A43C014
:102C50008091570881FD0E94F918F12CCC24C3946F
:102C6000D12CC3018C219D21892B71F10E949815D3
:102C7000AC20BD208823A1F0FE82EF8281E0A11468
:102C8000B10409F480E088870E94B8388160782F09
:102C90009A8789874E815F8168858A850E94130A99
:102CA000000F111FF801E95BF74F80819181C82661
:102CB000D926D182C08241E0AB2809F440E06F2DD3
:102CC0008E2D0E94272E07C0F394CC0CDD1CFCE057
:102CD000FF12C7CFA7CF0E944C2E0E9402230E9452
:102CE0000C37909146088917D1F00E940C378093D9
:102CF00046082A960FB6F894DEBF0FBECDBFDF910F
:102D0000CF911F910F91FF90EF90DF90CF90BF90E8
:102D1000AF909F908F907F906F900C94BB152A96E8
:102D20000FB6F894DEBF0FBECDBFDF91CF911F91DC
:102D30000F91FF90EF90DF90CF90BF90AF909F905A
:102D40008F907F906F90089580E090E008950895AF
:102D500020E3829FC0011124FC012CE0729FE00D52
:102D6000F11D1124E60FF11DEE0FFF1FEE53FD4F75
:102D7000859194910895880F991FFC01EC54FA4FA6
:102D8000859194910895CF93DF930E94DD17EC0114
:102D9000811520E5920708F041C0811540E49407B1
:102DA00008F0CBC0803E910520F5803C910508F0ED
:102DB000B8C0883A910570F4853A910508F0A8C02A
:102DC0008130910509F4A1C008F4EBC0049708F024
:102DD000EBC0E7C08F3B910508F0E3C0885AC82FCD
:102DE000D0E0CC0FDD1FC451D94F88819981946404
:102DF000DCC0811550E2950750F4C11581E0D80779
:102E000008F0D2C0C83ED10508F4CEC0CAC08115B2
:102E100020E3920708F08AC09F7085C0811545E5C0
:102E2000940708F046C0811554E5950708F09DC049
:102E3000C11582E5D80718F5C11521E5D20708F0BC
:102E40007FC0CE01F4E096958795FA95E1F7282F9B
:102E500023703C2F337081E090E002C0880F991FEF
:102E60003A95E2F79C68922B2C2F2F702695269589
:102E700040E2249F90011124822B932B96C09E0147
:102E8000237033279C2F96959695C115D34508F04E
:102E90005CC041E050E002C0440F551F2A95E2F7A4
:102EA00080E2989F90011124CA01822B932B9C6889
:102EB0007CC0811559E5950798F4C11588E5D807B8
:102EC00008F058C0C11526E5D20708F06AC08C2F5B
:102ED0000E9471188F7190E0982F8827906265C0CA
:102EE00081154AE5940708F44AC09056811590422E
:102EF00008F057C08D2F8F710E9471189E013327E3
:102F000030628F71A901582B4AC081E090E04DC01A
:102F1000855AC82FD0E0C65ED84F888190E0906473
:102F200044C0805C91090E94BB163FC09927D3FF23
:102F300002C0986C3AC0906C38C09F70906A35C0DF
:102F40009C2F8827816F906A30C041E050E002C01A
:102F5000440F551F2A95E2F780E2989F90011124B3
:102F6000CA01822B932B9A6820C0982F8827846FE0
:102F7000906A1BC09C2F8827806F906A16C08F7044
:102F80000E9471189E0194E0369527959A95E1F775
:102F90002F7030E0322F22273069A901482BCA0157
:102FA00004C080E090E001C0CE01DF91CF91089590
:102FB0000E94A8160E94C31608958238910569F1EF
:102FC000B0F48133910509F46DC048F4893291055C
:102FD00009F463C08A32910509F469C00895853304
:102FE000910509F455C089339105B9F00895833EE0
:102FF000910569F138F4803E9105B1F0823E91056A
:1030000009F10895863E9105A9F1873E9105B9F130
:10301000843E910509F064C023C02091F10820FD91
:103020004FC021FD4DC008958091F10880FD44C03E
:103030008091F20880FF44C08091F10884FD42C075
:1030400083EE4DC08091F10882FF38C0F5CF8091AA
:10305000F10882FD33C08091F20880FD31C0ECCFD1
:103060008091F20881FF32C08091F10884FD2AC06E
:1030700087EE35C08091F10883FF26C0F5CF80919F
:10308000F10883FD21C08091F20881FD1FC0ECCFC3
:103090008091F10885FD1CC01DC08091F10885FD5F
:1030A00019C016C08091F10886FD16C017C0809126
:1030B000F10886FD13C010C089E311C082EE0FC075
:1030C00080EE0DC080E00BC086EE09C084EE07C024
:1030D00089E205C085E303C08AE201C081E390E094
:1030E00008959091F10892FF0DC0282F2871283083
:1030F00019F4877F846006C0282F2471243011F4CE
:103100008B7F886093FF0DC0282F2871283119F418
:10311000877E846106C0282F2471243111F48B7EB0
:1031200088612091F20820FF0DC0382F38713830A7
:1031300019F4877F816006C0382F3171313011F466
:103140008E7F886021FF0DC0282F2871283119F447
:10315000877E816106C0282F2171213111F48E7E76
:10316000886194FD877E08950C94B9140E941E1AFC
:103170008FE39CE90197F1F700C000000E941E1A3E
:1031800080E00E94F01880FF04C00E94B4180C94E4
:10319000213908950C94B6180E94BF14811102C001
:1031A0000E9475150E94CA14809357080E94D71474
:1031B0009093F2088093F1080E94CA180E94CE14DE
:1031C000682F70E080E090E00E94630E6091E1075C
:1031D0007091E2078091E3079091E4070C949B0EB5
:1031E000E82FF0E0EE0FFF1FE550F74F808191814F
:1031F0000895CF92DF92EF92FF920F931F93CF9398
:10320000DF9384EC95E00E94FD058BEFE82E88E0CB
:10321000F82EC0E0D0E09FEBC92E95E0D92E06EB4A
:1032200015E0DF93CF93DF92CF920E9496068CEB4E
:1032300095E00E94FD05F701819191917F010E9427
:10324000EF099F938F931F930F930E94960684EB31
:1032500095E00E94FD0521968DB79EB708960FB6A2
:10326000F8949EBF0FBE8DBFC430D105D1F6DF915B
:10327000CF911F910F91FF90EF90DF90CF90089525
:1032800080EA8A95F1F7089500C008950C944019DA
:1032900008950C94F9070C944819F894E82FE295D6
:1032A000EF70F0E031A1282F2F7081E090E001C095
:1032B000880F2A95EAF7982F9095932391A392A1CE
:1032C000892B82A3789408950F931F93CF93DF9354
:1032D000C9E2D7E089918F3F11F00E944D1987E034
:1032E000CD32D807B9F7CDE1D7E009E217E08991EF
:1032F0008F3F11F00E944D190C171D07C1F7DF9188
:10330000CF911F910F910895AF92BF92CF92DF920C
:10331000EF92FF920F931F93CF93DF938C01C62FF1
:10332000D0E0CE01875D984F6C01DC019C919F3FFE
:1033300009F457C0B62EF894E92FE295EF70F0E04B
:1033400081A19F7021E030E001C0220F9A95EAF739
:10335000822B81A382A12095282322A378940E9406
:103360004419EDE1F7E020E030E0E12CF12C41E000
:1033700050E081918F3FC1F0A82FA295AF70B0E0CF
:1033800090966C9170E08F70DB0102C0B595A795A7
:103390008A95E2F7A0FD08C0CA01022E02C0880F7C
:1033A000991F0A94E2F702C080E090E0E82AF92A27
:1033B0002F5F3F4F2C303105E1F6F60180818F3FC2
:1033C00011F00E944D1961E0E114F10409F460E08C
:1033D0008B2D0E944619CC0FDD1FC00FD11FF98223
:1033E000E882DF91CF911F910F91FF90EF90DF90D6
:1033F000CF90BF90AF9008950E946419A3EFB8E0FA
:1034000011961C921E92EBEFF8E011821082139637
:103410001C921E9212971382128215961C921E9273
:1034200014971582148217961C921E921697178273
:10343000168284E00E94691A0C942809FF920F9367
:103440001F93CF93DF93CDB7DEB728970FB6F894CD
:10345000DEBF0FBECDBF8E010F5F1F4F88E0F801AA
:1034600011928A95E9F7F12C6F2DC8010E948419F9
:10347000F394F4E0FF12F8CF48E050E0B80183EF96
:1034800098E00E94354AFF24F394009709F4F12C48
:10349000892B41F088E0F801A3EFB8E001900D928C
:1034A0008A95E1F72F2D44E06BEF78E083EF98E009
:1034B0000E946A1A0E9432098F2D28960FB6F8943E
:1034C000DEBF0FBECDBFDF91CF911F910F91FF9057
:1034D00008950895FF920F931F93CF93DF93F82ED3
:1034E000092F162FD72FC42F222349F081E0809374
:1034F0005A080E94B83890935908809358088091D0
:103500005A088823D9F080915808909159080E9450
:10351000D038059798F0EF2DF02FA12FBD2F80E028
:1035200090E04C2F50E08417950734F421913191AD
:103530002D933D930196F7CF10925A08DF91CF91CA
:103540001F910F91FF9008950E9479380E94CD3FFE
:103550000E94E83F0E94FE3F0E94B115FBCF682FFA
:1035600070E065547109072E000C880B990B0E94BE
:10357000674620E030E040E451E40E94BD459B01F5
:10358000AC0160E070E080E090E40E94EB4720E056
:1035900030E04CED53E40E947E470895FB018D31ED
:1035A0002CE5920731F482818823A1F10E94721DDB
:1035B0002FC08E312CE5920731F48281882351F19E
:1035C0000E94821D25C08F312CE5920741F4828133
:1035D000882301F10E94171B8111F2CFE7CF8A32B5
:1035E0002CE5920731F482818823A1F00E944D20BE
:1035F00008C08B329C4571F48281882359F00E9467
:10360000582040E064E070E08CED93E00E94851B60
:1036100080E0089581E008950E94AF1A0C946E1D19
:103620000E94AF1A0C942F1C0C941B1B08958091C0
:103630005709817008958091FC03811122C0109276
:1036400066080E94B21F10926508109264081092DA
:10365000620810926108E7E1F9E080E090E0A0E8FC
:10366000BFEB1182108282839383A483B583178278
:103670001682389629E0E735F20799F781E08093C2
:10368000FC030895809166080895CF92DF92EF922F
:10369000FF92E09166088E17E8F4E150E81B88E09D
:1036A000E802F0011124E95EF64FC280D380E48085
:1036B000F58020E030E0A901C701B6010E94B845BD
:1036C000181644F4C701B601FF90EF90DF90CF9039
:1036D0000C94F62060E070E0CB01FF90EF90DF905B
:1036E000CF900895409145049C01A0E6BAEE0E9457
:1036F000C14950E4459F90011124032E000C440B56
:10370000550B0E949649C9010895EF92FF921F93AD
:10371000CF93DF932091570920FD07C0DF91CF9110
:103720001F91FF90EF900C941B1B142F7B01EC0159
:1037300080915B08811102C00E94001C8091640886
:1037400081110E941B1B81E08093650810925E0826
:10375000D0931609C0931509F0920409E092030969
:10376000109358091092600810925F086C817D8157
:103770008E819F810E943646CB010E94721BAC0154
:10378000688179818A819B810E94AA1C0E94B83835
:1037900090935D0880935C088091150990911609BB
:1037A000E0915F08F091600823E0EE0FFF1F2A957B
:1037B000E1F7E80FF91F64817581868197810E9486
:1037C0003646CB010E94721B909362088093610879
:1037D000DF91CF911F91FF90EF900895809157094D
:1037E00080FF07C040E065E070E08DE194E00E945A
:1037F000851B0E94B83890935D0880935C080895FB
:1038000080915B0881112AC00E94BF14811102C0FF
:103810000E9475150E94F51480935709E7E1F9E0BD
:1038200080E090E0A0E8BFEB118210828283938356
:10383000A483B58317821682389629E0E735F2070C
:1038400099F780915B08811105C00E94A11F81E05A
:1038500080935B080E941B1B0C94EE1B0895CF9273
:10386000DF92EF92FF920F931F93CF93DF936B0141
:103870007C0120E030E0A9010E94B84587FF04C028
:10388000F7FAF094F7F8F09480916408882309F42B
:1038900058C080915B08811102C00E94001C07E1A2
:1038A00019E0C7E0D0E0F80122AD33AD44AD55AD2D
:1038B000C701B6010E94B84581112BC083E0CC0F2F
:1038C000DD1F8A95E1F7C95ED64F1982188280E024
:1038D00090E0A0E8BFEB8A839B83AC83BD831F820B
:1038E0001E82AC01BD01F9E0CF34DF07D1F088E0E2
:1038F000FE013896DE0101900D928A95E1F7198656
:1039000018864A875B876C877D871F861E86289668
:10391000EACF219708501109CF3F8FEFD80719F64A
:1039200010C0C1E0C0936308809166088150809305
:103930006608811106C00E94B21FC093FC0310925A
:103940006408DF91CF911F910F91FF90EF90DF906E
:10395000CF9008957F928F929F92AF92BF92CF9215
:10396000DF92EF92FF920F931F93CF93DF934B0160
:103970005C016A018091570980FFA2C080915B08B9
:10398000811102C00E94001C20E030E0A901C501A5
:10399000B4010E94B84587FF04C0B7FAB094B7F8E5
:1039A000B09470906608072D10E0E801219743E07D
:1039B000000F111F4A95E1F7E12CF12CCF3FFFEFEB
:1039C000DF07D9F128E0E21AF108F801EE0DFF1D3A
:1039D000E95EF64F2281338144815581C501B401EE
:1039E0000E94B845811127C08E0133E0000F111FDE
:1039F0003A95E1F7095E164F8091660890E00197CD
:103A0000C817D9070CF05CC0219688E0F8013896F9
:103A1000D80101900D928A95E1F70E94B838F8011B
:103A20009187808782869386A486B586D786C68648
:103A3000085F1F4FE1CF2197C1CF81E0870D89300B
:103A400060F58093660881E0809363088093640842
:103A5000C0916608D0E021970E94B838FE0123E0AB
:103A6000EE0FFF1F2A95E1F7E95EF64F9183808301
:103A700082829382A482B582D782C6820E94B8389D
:103A800090937508809374088091FC038823C1F09B
:103A90000E94B61F1092FC0313C088E08093660852
:103AA00087E199E028E0FC013896DC0101900D9255
:103AB0002A95E1F7089629E08F34920799F7C3CF4A
:103AC000DF91CF911F910F91FF90EF90DF90CF90FA
:103AD000BF90AF909F908F907F9008954FEF5FEFD2
:103AE0000C94AA1C809157098160809357090E9409
:103AF000F9140E94161B40E062E070E08DE094E053
:103B00000C94851B40E062E070E08DEF93E00E9432
:103B1000851B2FEF81EE94E0215080409040E1F72B
:103B200000C000000E941B1B809157098E7F80936C
:103B300057090C94F914AF92BF92CF92DF92EF9293
:103B4000FF920F931F93CF93DF93809164088111AD
:103B500005C0C0916508CC2309F41EC10E94B83885
:103B6000EC0180916508811102C010E0DDC08091F8
:103B70005C0890915D080E94D038209161083091D6
:103B800062088217930788F380915C0890915D0822
:103B90000E94D03820916108309162087C01E21ABD
:103BA000F30AD0935D08C0935C08A0905F08B090C2
:103BB0006008C50101969093600880935F080E9499
:103BC000B838909375088093740800910309109198
:103BD000040980915F08909160088017910760F058
:103BE000C0915809CC2329F01092600810925F0808
:103BF00003C00E941B1BD0C080915E08C0905F086C
:103C0000D0906008C0911509D0911609811136C075
:103C1000F50133E0EE0FFF1F3A95E1F7EC0FFD1FC2
:103C2000D60143E0AA0FBB1F4A95E1F7AC0FBD1FB9
:103C30002D913D914D915C91608171818281938143
:103C40000E94B84581111AC081E080935E0882E02D
:103C500090E00E94721BAC0160E070E0CB010E941A
:103C6000AA1CB0926008A0925F0882E090E00E94D7
:103C7000721B909362088093610855C010925E0891
:103C8000F60123E0EE0FFF1F2A95E1F7EC0FFD1F71
:103C900064817581868197810E943646CB010E949E
:103CA000721B0150110920915F08309160088E1538
:103CB0009F0530F0E816F90600F101E010E020C0A1
:103CC00020173107B8F7E81AF90A2F5F3F4F3093F2
:103CD000600820935F0893E0220F331F9A95E1F765
:103CE000FE01E20FF31F64817581868197810E9436
:103CF0003646CB010E94721BD6CF8C010E191F09CC
:103D000083E0220F331F8A95E1F7FE01E20FF31FD4
:103D10006081718182819381A8010E94AA1C109305
:103D200062080093610811E080916408882361F1C2
:103D300080917608811103C080917708811111E08C
:103D4000C7E1D9E0E12CF12C8091660890E0E816FB
:103D5000F906D4F48E819F8101978E3F9F4F78F4AE
:103D6000888199810E94D0382E813F8182179307E4
:103D700030F06A817B818C819D810E942F1C8FEFA6
:103D8000E81AF80A2896E0CFC0916308CC2319F00E
:103D90001092630801C0C12F8C2FDF91CF911F912A
:103DA0000F91FF90EF90DF90CF90BF90AF9008956C
:103DB000CF92DF92EF92FF926B017C0120E030E026
:103DC000A9010E94B845811106C0809190008F73AF
:103DD000809390003CC08091900080688093900018
:103DE000C0926F08D0927008E0927108F092720849
:103DF00020E030E040E051E4C701B6010E947E4778
:103E00009B01AC0160E074E284E79BE40E94BD4545
:103E10006B017C010E943646709397006093960078
:103E200060914E0470E080E090E00E946746A70138
:103E300096010E947E4720E030E048EC52E40E9468
:103E4000BD450E9436467093990060939800FF909C
:103E5000EF90DF90CF900895E1E7F0E080818260FD
:103E60008083E0E9F0E08081806880830895E1E765
:103E7000F0E080818D7F8083E0E9F0E080818F73C6
:103E800080830895CF92DF92EF92FF926B017C01C5
:103E900020E030E0A9010E94B845811106C0809160
:103EA00080008F73809380003CC080918000806888
:103EB00080938000C0926B08D0926C08E0926D08ED
:103EC000F0926E0820E030E040E051E4C701B60116
:103ED0000E947E479B01AC0160E074E284E79BE4B2
:103EE0000E94BD456B017C010E943646709387009D
:103EF0006093860060914E0470E080E090E00E9444
:103F00006746A70196010E947E4720E030E048EC1A
:103F100052E40E94BD450E9436467093890060932A
:103F20008800FF90EF90DF90CF900895EFE6F0E0EB
:103F300080818D7F8083E0E8F0E080818F738083D3
:103F400008950E94371F3E9A0E94961F259A92E07C
:103F5000909390008AE180939100909380008093E9
:103F6000810008950E94371F0C94961F0E942C1FF9
:103F700080916408882329F080E00E94451B0C94FE
:103F8000D81E08951F920F920FB60F9211240BB6F0
:103F90000F92CF92DF92EF92FF922F933F934F9326
:103FA0005F936F937F938F939F93AF93BF93EF93A1
:103FB000FF938091670890916808A0916908B0917B
:103FC0006A080196A11DB11D809367089093680847
:103FD000A0936908B0936A086091670870916808B7
:103FE0008091690890916A080E9465466B017C0186
:103FF00020E030E040E85CE360916F087091700869
:1040000080917108909172080E947E479B01AC01DB
:10401000C701B6010E94B84587FD28C01092670805
:10402000109268081092690810926A080E949B1DFD
:1040300090916408911107C090916508911103C097
:104040000E94371F11C0882389F080E00E94451B21
:104050000E94D81E0E94421B823030F081E00E94F4
:10406000451B0E94421F02C00E94961FFF91EF91C4
:10407000BF91AF919F918F917F916F915F914F9180
:104080003F912F91FF90EF90DF90CF900F900BBE5C
:104090000F900FBE0F901F9018958091730890E0BD
:1040A000019669E070E00E94824980937308089548
:1040B0008091730890E0089669E070E00E94824960
:1040C0008093730808958F929F92AF92BF92CF9280
:1040D000DF92EF92FF920F931F93CF93DF934B01E9
:1040E0005C01BA01550F880B990B0E9467466B0162
:1040F0007C019B01AC01C501B4010E94AD468B015E
:10410000D82FC92F20E030E0A9010E94B84587FFD1
:1041100008C098014D2F5C2FC701B6010E944C4585
:1041200003C0B8018D2F9C2F6B017C01C701B60124
:10413000DF91CF911F910F91FF90EF90DF90CF9083
:10414000BF90AF909F908F9008958F929F92AF9263
:10415000BF92CF92DF92EF92FF924B015C010E94DF
:10416000B838BC0180E090E00E9465466B017C019C
:1041700020E030E048EC52E460914604709147043E
:1041800080914804909149040E947E479B01AC01B4
:10419000C701B6010E94BD4544E150E00E94632082
:1041A000C0904A04D0904B04E0904C04F0904D0431
:1041B0000E942F46660F771F660F771FFB01E35D96
:1041C000F84F6081718182819381A70196010E94DD
:1041D000EB47A50194010E947E47FF90EF90DF908E
:1041E000CF90BF90AF909F908F900895CF92DF9225
:1041F000EF92FF920F931F936B017C0180917408E3
:10420000909175080E94D0388C0164E670E00E949D
:104210006E49E09173088E2F90E08930910508F087
:10422000B6C1FC01ED58FF4F0C94B84910927708C5
:10423000AEC11092770881E080937608A8C11092F1
:1042400077086431710530F46A30710508F408C1EB
:1042500089E15EC0693C710508F002C188E158C07F
:104260001092770820E030E040EA52E4C701B6013E
:104270000E94B84587FD8BC120E030E040E253E466
:10428000C701B6010E94B84587FF23C00E94264A95
:1042900068E270E00E948249BC01645C7F4F072E97
:1042A000000C880B990B0E9467466B017C010B3058
:1042B000110568F10531110508F02EC12EEC20031F
:1042C000C001219F900D1124865E9B4F6AE070E033
:1042D00089C020E030E040EA53E4C701B6010E9403
:1042E000B84587FF25C00E94264A68EE73E00E9409
:1042F0008249BC0168517C4F072E000C880B990B3A
:104300000E9467466B017C010630110520F482E3B0
:1043100080934E043CC10531110508F0FDC02EEC20
:104320002003C001219F900D1124865E9B4F58C031
:1043300020E030E040E254E4C701B6010E94B845F5
:1043400087FF23C00E94264A60ED77E00E948249E1
:10435000BC016854744F072E000C880B990B0E9407
:1043600067466B017C010031110588F205311105AA
:1043700008F0D2C02EEC2003C001219F900D112423
:10438000865E9B4F65E070E02DC020E030E040EAA3
:1043900054E4C701B6010E94B84587FFF8C00E94E7
:1043A000264A60ED77E00E948249BC016854744F50
:1043B000072E000C880B990B0E9467466B017C014D
:1043C0000432110508F4A3CF0333110508F0A4C08B
:1043D0002EEC2003C001219F900D11248A50964F8E
:1043E0006FE070E00E946E4967C081E080937708BB
:1043F0006431710540F46A30710540F520E030E029
:1044000040E85EE327C0693C710508F085C080E0A4
:1044100090E00E94654620E030E040EA51E40E94CE
:104420004B4520E030E044E353E40E94BD459B014E
:10443000AC010E947E4720E030E048E451E40E9455
:104440007E470E9436468CE0861B62CF20E030E03B
:1044500040E05FE3C701B6010E947E476B017C012B
:104460008CE056CF81E0809377082AE0269FC00138
:10447000279F900D112468EB7BE00E946E49BC01E0
:104480006C5D754077FF03C0719561957109772761
:10449000072E000C880B990B0E9467462EE333EC25
:1044A0004EE259E30E947E4720E030E040EC5EE3BC
:1044B0000E944C450E94364660934E0468C081E0DD
:1044C00080937708C80183709927892BF1F0C80180
:1044D0008170992724E6289FB001299F700D11242F
:1044E00080E090E00E94654620E030E040E05EE33E
:1044F0000E947E4720E030E040E45FE30E944C45AC
:104500000E94364660934E0403C082E380934E04BB
:1045100007701127012BD9F510924E0438C081E0A5
:104520008093770882E380934E046739710578F1B0
:1045300080E090E00E94654620E030E047E153E4EF
:104540000E944B4520E030E04AE754E40E94BD451C
:1045500020E030E048E452E40E947E4720E030E072
:1045600040EA51E40E94AD460E942F46660F771F35
:10457000660F771FFB01E35DF84F20813181428197
:104580005381C701B6010E947E476B017C01809177
:1045900076088823C9F020E030E0A90160914A0440
:1045A00070914B0480914C0490914D040E94794786
:1045B000181654F4C701B6011F910F91FF90EF90A8
:1045C000DF90CF900C94A520C701B6011F910F91E9
:1045D000FF90EF90DF90CF9008952FE7482F60E095
:1045E0008BE99AE00C948A3920E0482F60E08BE94F
:1045F0009AE00C949A3920E04BE760E08BE99AE06E
:104600000C947A398BE99AE00C94A03BCF93C82F95
:1046100080919008882319F08C2F0E940C1B8091A8
:104620008F08882321F08C2FCF910C94ED22CF910D
:104630000895CF93C82F80919008882319F08C2F6C
:104640000E94101B80918F08882321F08C2FCF911E
:104650000C94F422CF9108958091900881110E94CA
:10466000141B80918F0881110C94FB2208950C94E7
:1046700054080E942C231092900840E068E070E0FB
:104680008FEC94E00C94851B0E94FB2210928F0803
:1046900040E068E070E08FE494E00C94851B0E9499
:1046A0002C232091F10530E02F5F3F4F23703327FB
:1046B0002093F10548E2429FC001439F900D1124D1
:1046C00040E065E070E0815B9A4F0C94851BCF93CE
:1046D00080918C088823D1F1809178089091790895
:1046E000009781F40E94B8389093790880937808F5
:1046F00020917A0830E02115310571F480917B0812
:1047000090E00BC00E94D0382091EF053091F00569
:104710002817390738F31AC0C9010197F901E4587D
:10472000F74FC081FC01E458F74F80810E941923A4
:104730008C2F0E94062380917A0890E00196609168
:104740007B0870E00E94824980937A08CF91089597
:10475000089581E08093900840E068E070E08FE089
:1047600095E00E94851B0C94A823089581E0809316
:104770008F0840E068E070E08FE894E00E94851BBD
:104780000C94B523EF92FF921F93CF93DF93CDB795
:10479000DEB7A3970FB6F894DEBF0FBECDBF7C0186
:1047A00086E2E8168CE5F80641F4FB018281882355
:1047B00009F450C00E94A923AAC0F7E2EF16FCE555
:1047C000FF0641F4FB018281882309F443C00E9463
:1047D00039239DC0F8E2EF16FCE5FF0649F4FB0122
:1047E00082818823B9F1809190088111F0CFE2CFC6
:1047F000FCE2EF16FCE5FF0639F4FB018281882319
:1048000049F10E94B62383C0FDE2EF16FCE5FF06E6
:1048100039F4FB0182818823E9F00E94442377C0A8
:10482000FEE2EF16FCE5FF0649F4FB0182818823D6
:1048300089F080918F088111F0CFE3CFF9E2EF1674
:10484000FCE5FF0639F4FB018281882319F00E9400
:104850004F235DC080919008811105C080918F0821
:10486000882309F4D4C0FB019281992309F451C033
:10487000F0EEEF16F10461F40E942C2381E08093A6
:104880008E0810928D0810928C0810927B083FC001
:1048900082EEE816F10471F40E942C2380918E08B8
:1048A000882319F081E080938D0810928E08109271
:1048B0008C082DC0E3EEEE16F10491F480918D0882
:1048C000882339F10E942C2310928E0881E0809376
:1048D0008C0810927A08109279081092780817C004
:1048E000F2E5EF16F10431F48091EF059091F005B7
:1048F0000A9709C081E5E816F10459F48091EF05A3
:104900009091F0050A969093F0058093EF0580E072
:104910007FC08091F10581110AC0FB011081809157
:10492000F405180F13508091F205180F4BC0813019
:10493000A1F4FB0110818091F405180F105E209105
:10494000F205120F818124E030E0281B3109822F0B
:10495000880F880F280F120F3EC0823099F4FB0198
:1049600010818091F405180F105E8091F205180FE8
:10497000818124E030E0281B3109F7E02F9F100DE2
:10498000112429C0833029F583E2E5E9F6E0DE0150
:10499000119601900D928A95E1F7FB01808121E04B
:1049A00030E02C0F3D1F280F311D4091F205509132
:1049B000F305F901E40FF51F1091F4051350808100
:1049C000180FFB01818124E030E0281B3109FCE055
:1049D000D5CF1091F405812F992389F00E940623E9
:1049E00080918E08882369F080917B08E82FF0E0A1
:1049F000E458F74F10838F5F80937B0802C00E94BA
:104A00001923C7010E94372391E0892701C081E063
:104A1000A3960FB6F894DEBF0FBECDBFDF91CF9146
:104A20001F91FF90EF900895EF92FF920F931F93C5
:104A3000CF93DF938B01682F11110AC0442329F013
:104A4000E82FF0E0EB5FF74F6491762F862F75C06B
:104A5000212F30E0E82FF0E0442321F0EB5FF74F07
:104A6000E491F0E046E0049FC0011124CFEFD0E0D4
:104A7000BE010E946E494BEA4603C001479F900D5C
:104A80001124800F911D800F911D982F990F890F70
:104A9000AE01421B530B4E9FD0014F9FB00D5E9F46
:104AA000B00D11249B2F189FA0011124452F5527CD
:104AB0008E01041B150B0E9FA0010F9F500D1E9F12
:104AC000500D11247E01E81AF108E29E8001E39E58
:104AD000100DF29E100D1124212F3327C21BD30B72
:104AE000CE9F9001CF9F300DDE9F300D112462309C
:104AF0007105A9F048F46115710569F0613071051F
:104B0000C9F48B2F752F0DC06430710581F058F0FA
:104B10006630710579F47E2F8B2F932F0DC0832F74
:104B20007B2F9E2F09C08E2F7B2F952F05C08E2F98
:104B3000732F02C07E2F852F692FDF91CF911F9198
:104B40000F91FF90EF90089541E00E941425089581
:104B500020E030E0869F212D969F200D311D1124ED
:104B6000C9010895BC018230910508F40895613EA1
:104B70008EE1780748F49B0195E0369527959A9544
:104B8000E1F748E0420F01C04FEF91E0242F30E001
:104B9000290F311D35952795229FF001239FF00D98
:104BA000F00D11246E177F0718F44FEF420F04C069
:104BB0002F3F39F091E0920F491740F78FEF890F9F
:104BC00008958FEF0895482F982F46FD9095E92F6F
:104BD000EF739F7046FD9F5FE295EF70EE0FF0E080
:104BE000EA57F84F2181299F802D212D112482958C
:104BF0008F702295207F822B3081982F930F892FE1
:104C000047FD819580580895E42FF0E0EE0FFF1FD7
:104C1000E45BFE4F408134EE439F412D1124E72F8A
:104C2000F0E050E0445E5F4FDA01A21BB1099D0144
:104C3000B7FF03C031952195310993E0220F331F4F
:104C40009A95E1F7AF01421B530B9A0157FF02C03F
:104C500020E030E0279F212D1124722F0895E42FAA
:104C6000F0E0EE0FFF1FE45BFE4F408134EE439F08
:104C7000412D1124E82FF0E050E0445E5F4FDA014F
:104C8000A21BB1099D01B7FF03C0319521953109E0
:104C900093E0220F331F9A95E1F7AF01421B530BAC
:104CA0009A0157FF02C020E030E0582F259F212DA8
:104CB0001124822F0895622F0895E42FF0E0EE0F63
:104CC000FF1FE45BFE4F6081621B0895E42FF0E05C
:104CD000EE0FFF1FE45EFE4F61A9621B0895A22F35
:104CE00050E0FA01EE0FFF1FE45EFE4F91A99052D3
:104CF00097FD9195440F551FFA01E45BFE4F3081FB
:104D0000232F30E02A1B3109290F311D97FD3A95D9
:104D1000620F0895EF920F931F9393E0099F800114
:104D20001124159507956E2D600F1F910F91EF902F
:104D300008950F93CF93DF93D72FC82F47FD419549
:104D4000E8E3F0E0CF01841B910947FD9395889F2C
:104D5000B001899F700D700D1124229FC001239F07
:104D6000900D900D1124860F971F0E94B225682F79
:104D7000660F860F682F600F7D2F8C2FDF91CF91EC
:104D80000F9108950F931F93522F10E0F801EE0F2B
:104D9000FF1FE45EFE4FE1A9F0E0B0979F015203D0
:104DA000D001539FB00D1124000F111FF801E45BD7
:104DB000FE4F008110E00057110940039001419F10
:104DC000300D11242A0F3B1F37FF02C021583F4FDF
:104DD000220F232F221F330B620F1F910F91089573
:104DE0000F931F93522F10E0F801EE0FFF1FE45EA8
:104DF000FE4FE1A9F0E0B097EE0FFF1F9F015203B5
:104E0000D001539FB00D1124000F111FF801E45B76
:104E1000FE4F008110E000571109000F111F4003E1
:104E20009001419F300D11242A0F3B1F37FF02C014
:104E300021583F4F220F232F221F330B620F1F9148
:104E40000F9108950F931F9310E0F801EE0FFF1FCD
:104E5000E45BFE4F9081905797FD9195000F111FD5
:104E6000F801E45EFE4FE1A9F0E0B097DF01AA0F80
:104E7000BB1F8D010E0F1F1F2003D001219FB00DFE
:104E80001124E8E3F0E0E91BF10997FDF3959F0198
:104E9000220F331F89010E0F1F1F40039001419FF6
:104EA000300D11242A0F3B1F37FF02C021583F4FFE
:104EB000220F232F221F330B620F1F910F91089592
:104EC0000F931F93CF93DF93D62F072F182FC42F45
:104ED000822F0E94E325EC2FF0E0EE0FFF1FE45B32
:104EE000FE4F90819058890F87FD8195880F682F1C
:104EF0002CE0629F612D11246D0F702F812FDF91A7
:104F0000CF911F910F910895E42FF0E0EE0FFF1F56
:104F1000E45BFE4F9081921B97FD9195292F38E11C
:104F2000239F212D1124620F0895FC019B010097FE
:104F300021F477FF2BC080E80895AC0197FF04C0EF
:104F400044275527481B590BB901640F751F37FDBE
:104F50000CC0241B350BC901A5E0880F991FAA9529
:104F6000E1F70E94824980E20CC0CB0165E0880F26
:104F7000991F6A95E1F7BA01621B730B0E9482497F
:104F800080E6861BF7FF03C08195089580E00895B1
:104F9000FF920F931F93CF93DF93F62E172FD82FE7
:104FA000C901C72FC01BBA010E949527982F990FDE
:104FB000890F7C2F781B719F712D11246F2D8D2FE0
:104FC000DF91CF911F910F91FF900895FF920F9362
:104FD0001F93CF93DF93F62ED72F182FC901C12F20
:104FE000C01BBA010E949527982F990F890FC81BE3
:104FF0002C2F219F212D1124822F6F2D7D2FDF91AA
:10500000CF911F910F91FF900895EF920F931F93EF
:10501000CF93DF93D62F172FC82FC9010E19070F73
:10502000BA010E949527702F781B719F712D112452
:105030006D2F8C2FDF91CF911F910F91EF900895DD
:10504000EF920F931F93CF93DF93D62FC72F182F75
:10505000C9010E19010FBA010E949527081B202FC4
:10506000219F212D1124822F6D2F7C2FDF91CF9135
:105070001F910F91EF9008950F93CF93DF93D72F48
:10508000C82FC901BA010E949527682F600F7D2F94
:105090008C2FDF91CF910F910895EF920F93CF93C3
:1050A000DF93D72FC82FC9010E19BA010E94952787
:1050B000602F681B7D2F8C2FDF91CF910F91EF9088
:1050C00008950E94A425089546E050E06CE170E048
:1050D00089E599E00C94424A46E050E06CE170E0CA
:1050E00089E599E00C94604A8091570880FF08C0D8
:1050F00081EE97E09F938F930E9496060F900F90FA
:1051000085E3809359098091B8069091B906A091E2
:10511000BA0680935A0990935B09A0935C098FE7C4
:1051200080935D098FEF80935E090C946C288091C9
:10513000570880FF08C087EC97E09F938F930E94E9
:1051400096060F900F908091570880FF0FC08091B6
:10515000590983701F928F9388EA97E09F938F93EA
:105160000E9496060F900F900F900F908091570815
:1051700080FF10C080915909869586951F928F9364
:105180008BE897E09F938F930E9496060F900F9065
:105190000F900F908091570880FF0EC080915A09A0
:1051A0001F928F938DE697E09F938F930E949606B0
:1051B0000F900F900F900F908091570880FF0EC0B6
:1051C00080915B091F928F938FE497E09F938F9359
:1051D0000E9496060F900F900F900F9080915708A5
:1051E00080FF0EC080915C091F928F9381E397E04E
:1051F0009F938F930E9496060F900F900F900F90A1
:105200008091570880FF0EC080915D091F928F9397
:1052100083E197E09F938F930E9496060F900F90E3
:105220000F900F908091570880FF0EC080915E090B
:105230001F928F9385EF96E09F938F930E9496061F
:105240000F900F900F900F900895E0919407F091B8
:1052500095070994E0919007F091910709944F9276
:105260005F926F927F928F929F92AF92BF92CF92F6
:10527000DF92EF920F931F93CF93DF932C013B01AB
:10528000FC01C081CC0F8C2F880F880FC80FDAE08B
:10529000DC0FD23308F0D1E360915D09669580910F
:1052A0005F09909160090E94A825182FCD1708F07A
:1052B00044C08C2E912CF401E255FE4F9081F201F6
:1052C00081818923C1F1F401EE0FFF1FE45BFE4FE2
:1052D000C080D12CF0E7CF1AD108F401EE0FFF1FE8
:1052E000E45EFE4FA1A8B12C80E2A81AB108CC9CC4
:1052F0009001CD9C300D300D1124AA9CC001AB9CB7
:10530000900D900D1124820F931F0E94B225082F3B
:1053100060915A0970915B0980915C09E12E9501B9
:10532000A601F30109950E946128462F282F672FB7
:10533000C4010E942A29CF5FB9CF81E0D13308F0A0
:1053400080E0DF91CF911F910F91EF90DF90CF9090
:10535000BF90AF909F908F907F906F905F904F9095
:10536000089565E078E20C942F2960E278E20C94CD
:105370002F296AE876E20C942F296DE478E20C94E8
:105380002F29AF92BF92CF92DF92EF92FF920F93AD
:105390001F93CF93DF936C015B01FC01C081CC0FA5
:1053A0008C2F880F880FC80FDAE0DC0FD23308F09B
:1053B000D1E360915D09669580915F0990916009E4
:1053C0000E94A825182FCD1778F5EC2EF12CF701A7
:1053D000E255FE4F9081F6018181892319F1F70191
:1053E000EE0FFF1FE45EFE4F21A930E0205231098D
:1053F000F701EE0FFF1FE45BFE4F408150E0405786
:10540000510960915A0970915B0980915C09012FE3
:10541000F50109950E946128462F282F672FC701A3
:105420000E942A29CF5FCFCF81E0D13308F080E0FE
:10543000DF91CF911F910F91FF90EF90DF90CF9070
:10544000BF90AF90089568EC77E20C94C12966EEA6
:1054500077E20C94C12969E976E20C94C1296CE3E6
:1054600078E20C94C129BF92CF92DF92EF92FF9223
:105470000F931F93CF93DF938C017B01FC01C081BD
:10548000CC0F8C2F880F880FC80FDAE0DC0FD233D7
:1054900008F0D1E360915D096695669521E0620FA1
:1054A00008F46FEF80915F09909160090E94A82530
:1054B000B82ECD17F0F4CC2ED12CF601E255FE4FCC
:1054C0009081F8018181892391F060915A0970914E
:1054D0005B0980915C092B2D4C2FF70109950E94E7
:1054E0006128462F282F672FC6010E942A29CF5FE7
:1054F000E0CF81E0D13308F080E0DF91CF911F91C0
:105500000F91FF90EF90DF90CF90BF90089564E0EF
:1055100076E20C94332A6FE276E20C94332A6BE540
:1055200076E20C94332A6DE576E20C94332A66E633
:1055300076E20C94332A6FE676E20C94332A60E626
:1055400077E20C94332A64E877E20C94332A7F9252
:105550008F929F92AF92BF92CF92DF92EF92FF9283
:105560000F931F93CF93DF936C015B01FC01C0810C
:10557000CC0F8C2F880F880FC80FDAE0DC0FD233E6
:1055800008F0D1E360915D096695669580915F09A9
:10559000909160090E94A825182F80E4810F0E9435
:1055A000E32590E8F92EF80E812F0E94E32520E8EC
:1055B000722E780ECD1700F58C2E912CF401E25549
:1055C000FE4F9081F60181818923A1F060915A09F3
:1055D00070915B0980915C09E12E0C2F272D4F2DD6
:1055E000F50109950E946128462F282F672FC401D5
:1055F0000E942A29CF5FDECF81E0D13308F080E01E
:10560000DF91CF911F910F91FF90EF90DF90CF909E
:10561000BF90AF909F908F907F90089562EC76E25C
:105620000C94A72A60EF76E20C94A72A62E277E254
:105630000C94A72ADF92EF92FF920F931F93CF93C0
:10564000DF938C01DC01CC91CC0F8C2F880F880F5D
:10565000C80FDAE0DC0FD23308F0D1E360915A09C9
:1056600070915B0980915C090E946128F62EE72EFB
:10567000D82ECD1798F4EC2FF0E0DF01A255BE4FE5
:105680008C91D80111969C91982331F02D2D4F2D9E
:105690006E2DCF010E942A29CF5FEBCF81E0D1335D
:1056A00008F080E0DF91CF911F910F91FF90EF9074
:1056B000DF900895AF92BF92CF92DF92EF92FF9268
:1056C0000F931F93CF93DF938C01FC01C081CC0F0C
:1056D0008C2F880F880FC80FDAE0DC0FD23308F068
:1056E000D1E3E0905B09F0905C09D0905A096D2DF0
:1056F0007E2D8F2D0E946128C62EB72EA82E609178
:105700005D096D0D7E2D8F2D0E946128F62EE72EEE
:10571000D82ECD17B8F48C2F90E0FC01E255FE4F47
:105720003081F8012181232359F030FF04C02D2D51
:105730004F2D6E2D03C02A2D4C2D6B2D0E942A2932
:10574000CF5FE7CF81E0D13308F080E0DF91CF91E8
:105750001F910F91FF90EF90DF90CF90BF90AF908F
:105760000895BF92CF92DF92EF92FF920F931F9313
:10577000CF93DF936C01FC01C081CC0F8C2F880F7D
:10578000880FC80FDAE0DC0FD23308F0D1E30091C4
:105790005B09B0905C0920915D0910E4129F112D06
:1057A0001124CD1718F5EC2EF12CF701E255FE4F20
:1057B0009081F60181818923B9F0F701EE0FFF1F77
:1057C000E45EFE4F81A982958F7060915A09819F96
:1057D000600D1124702F8B2D0E946128462F282FD9
:1057E000672FC7010E942A29CF5FDBCF81E0D13329
:1057F00008F080E0DF91CF911F910F91FF90EF9023
:10580000DF90CF90BF900895BF92CF92DF92EF923A
:10581000FF920F931F93CF93DF937C01FC01C08114
:10582000CC0F8C2F880F880FC80FDAE0DC0FD23333
:1058300008F0D1E3C0905B09B0905C0920915D094C
:1058400030E4D32E3D2D329F312D1124D32ECD1790
:1058500038F50C2F10E0F801E255FE4F9081F7016A
:1058600081818923D9F0F801EE0FFF1FE45BFE4F21
:105870006081D69EB001112495E0759567959A9543
:10588000E1F780915A09680F7C2D8B2D0E946128C9
:10589000462F282F672FC8010E942A29CF5FD7CF14
:1058A00081E0D13308F080E0DF91CF911F910F911B
:1058B000FF90EF90DF90CF90BF900895DF92EF922E
:1058C000FF920F931F93CF93DF938C01DC01CC9158
:1058D000CC0F8C2F880F880FC80FDAE0DC0FD23383
:1058E00008F0D1E3E0905A09F0905B09D0905C0990
:1058F00060915D0966956695669580915F099091C6
:1059000060090E94A8250E94E325805887FD8195A3
:10591000880F282F3D2D239F212D1124822FB70181
:105920000E946128F62EE72ED82ECD1798F4EC2F82
:10593000F0E0DF01A255BE4F8C91D80111969C91E9
:10594000982331F02D2D4F2D6E2DCF010E942A2945
:10595000CF5FEBCF81E0D13308F080E0DF91CF91D2
:105960001F910F91FF90EF90DF900895DF92EF92DB
:10597000FF920F931F93CF93DF93EC01FC01E2554D
:10598000FE4F9081692381F1D0905B0900915C0901
:1059900010915A09E12EF12C0E94264A282FC701A6
:1059A0008C549F4F68E671E00E9482498E199F09CE
:1059B00097FD039695958795959587952370612F0B
:1059C000289F600D11247D2D802F0E946128462F75
:1059D000282F672FCE01DF91CF911F910F91FF905C
:1059E000EF90DF900C942A29DF91CF911F910F91B6
:1059F000FF90EF90DF900895CF92DF92FF920F9388
:105A00001F93CF93DF938C01FC01C281C1111DC094
:105A100060915D0920E1620F08F46FEF80915F09EA
:105A2000909160090E94A8256AE070E00E946E498A
:105A3000892B61F50E94264A61E370E00E94824949
:105A4000F80161810E94B62C21C0FC01C081CC0FFD
:105A50008C2F880F880FC80F9AE0F92EFC0EF1E307
:105A6000FF1510F481E3F82ED0E0CF2CD12CCC150B
:105A7000DD053CF4F8016181CE010E94B62C21962F
:105A8000F6CFC1E0F0E3FF1508F4C0E08C2FDF9102
:105A9000CF911F910F91FF90DF90CF9008951F93AA
:105AA000CF93DF93FC01E255FE4F20816223D1F0BA
:105AB000EC010E94264A182F0E94264A8F77782FE1
:105AC00020E8720F08F47FEF612F80915C090E943B
:105AD0006128462F282F672FCE01DF91CF911F918C
:105AE0000C942A29DF91CF911F910895CF92DF92D4
:105AF000FF920F931F93CF93DF938C01FC01C28120
:105B0000C1111DC060915D0920E1620F08F46FEFC3
:105B100080915F09909160090E94A82565E070E07E
:105B20000E946E49892B61F50E94264A61E370E06C
:105B30000E948249F80161810E944F2D21C0FC0121
:105B4000C081CC0F8C2F880F880FC80F9AE0F92ED8
:105B5000FC0EF1E3FF1510F481E3F82ED0E0CF2C1A
:105B6000D12CCC15DD053CF4F8016181CE010E94F9
:105B70004F2D2196F6CFC1E0F0E3FF1508F4C0E009
:105B80008C2FDF91CF911F910F91FF90DF90CF90DD
:105B90000895DF92EF92FF920F931F93CF93DF93BD
:105BA0008C01DC01CC91CC0F8C2F880F880FC80F93
:105BB000DAE0DC0FD23308F0D1E3E0905B09F0903B
:105BC0005C09D0905A0960915D0966956695669565
:105BD00080915F09909160090E94A8250E94E325A9
:105BE000805887FD8195880F682F2CE0629F612D7A
:105BF00011246D0D7E2D8F2D0E94A425F62EE72EEB
:105C0000D82ECD1798F4EC2FF0E0DF01A255BE4F4F
:105C10008C91D80111969C91982331F02D2D4F2D08
:105C20006E2DCF010E942A29CF5FEBCF81E0D133C7
:105C300008F080E0DF91CF911F910F91FF90EF90DE
:105C4000DF900895E0919207F091930709940C94E6
:105C5000961508950C94292E0E942A2E0C94292E14
:105C600008950C94302ECF93DF93FC018081880F30
:105C70008250C82FCC0FCC0FC80FDAE0DC0FD23324
:105C800008F0D1E36D2F8C2F0E94312E6D2F8C2FB9
:105C9000DF91CF910C94302ECF930E94C438609343
:105CA0009108709392088093930890939408309190
:105CB0005909232F237021F0C32FC695C69501C023
:105CC000C0E02091F505213091F028F0223091F1CB
:105CD0002330E1F112C11092F60560935F097093D1
:105CE0006009809361099093620981E02CC09091D2
:105CF000F905C9130DC0832F837090E04091FA0518
:105D000050E021E08417950709F420E0822F01C0BC
:105D100081E081708093F80580915E099091F7058C
:105D2000981771F18093F70540E060E080E00E94F1
:105D3000222E26C0C093F905832F83708093FA0525
:105D40000E94252983E08093F505D7C080919508AE
:105D500081110E946C281092950860915F097091E2
:105D6000600980916109909162090E94DF38603179
:105D700071058105910508F4C0C01092F505BDC0FC
:105D80008C2F90E08C31910520F18091F6058F5F8A
:105D90008093F60582E08093F5058091F8058111E6
:105DA00014C0CC2379F20E942C2E86EF95E0CF917F
:105DB0000C94332E86EF95E00E941A2B9091F605F5
:105DC0009F5F9093F605882329F3CC2309F495C0AF
:105DD000EACFFC01E458FF4F0C94B8498091F805D4
:105DE000882309F488C040E060E080E00E94222E11
:105DF00082C086EF95E00E945A2BE0CF86EF95E0B7
:105E00000E94B12BDBCF86EF95E00E94042CD6CF09
:105E100086EF95E00E945E2CD1CF86EF95E00E9440
:105E2000872ACCCF86EF95E00E948B2AC7CF86EFDA
:105E300095E00E94232AC2CF86EF95E00E94272A90
:105E4000BDCF86EF95E00E94B129B8CF86EF95E0EF
:105E50000E94B529B3CF86EF95E00E948F2AAECF7E
:105E600086EF95E00E94932AA9CF86EF95E00E94E5
:105E7000972AA4CF86EF95E00E949B2A9FCF86EFBA
:105E800095E00E94B9299ACF86EF95E00E942B2ACF
:105E900095CF86EF95E00E942F2A90CF86EF95E070
:105EA0000E94BD298BCF86EF95E00E940E2B86CFF6
:105EB00086EF95E00E94122B81CF86EF95E00E943D
:105EC000162B7CCF86EF95E00E94FC2C77CF86EFD7
:105ED00095E00E94762D72CF86EF95E00E94C92D45
:105EE0006DCF86EF95E00E949F2A68CF86EF95E000
:105EF0000E94A32A63CF80E061CFCF910895E09103
:105F00008E07F0918F0709950E94BF14811110C070
:105F10008091570880FF08C083EC96E09F938F9391
:105F20000E9496060F900F900E9475150E9474288B
:105F30000E946428809159098C7F71F480915708E0
:105F400080FF08C08EE696E09F938F930E9496068E
:105F50000F900F900E9474280C94972808959091A8
:105F60005909392F337021E023279C7F922B90937E
:105F700059091092F50590919508982B90939508E2
:105F80009091570890FF17C0811103C08DE797E0EB
:105F900002C08FE797E01F922F939F938F9387E321
:105FA00096E09F938F930E9496060F900F900F900C
:105FB0000F900F900F90089581E00C94AF2F909167
:105FC0005909937099F1811102C0946007C08C3116
:105FD00010F09C6603C0880F880F982B9093590986
:105FE0001092F50580919508862B809395088091F5
:105FF000570880FF1BC020915909269526956111ED
:1060000003C08DE797E002C08FE797E01F922F93C0
:106010009F938F938DE196E09F938F930E949606B6
:106020000F900F900F900F900F900F90089561E0D8
:106030000C94DF2F682F90915909969596959F5F44
:106040009C3110F4892F01C081E00C94DF2F81E096
:106050000C941A30682F9091590996959695915005
:1060600011F0892F01C08BE10C94DF2F81E00C949B
:106070002A3030915909337069F180935A0960933D
:106080005B0940935C0930919508322B3093950859
:106090003091570830FF1EC09927211103C02DE70A
:1060A00037E002C02FE737E01F924F931F926F93A4
:1060B0009F938F933F932F938AEF95E09F938F93B6
:1060C0000E9496068DB79EB70A960FB6F8949EBFAB
:1060D0000FBE8DBF0895A9E5B9E01196EC91119717
:1060E000F0E0282F13964C91139712966C91CF01E4
:1060F00008960C94393081E00C946B30A9E5B9E036
:106100001196EC911197F0E0282F13964C9113976C
:1061100012966C91CF0108970C94393081E00C9461
:106120007E30E9E5F9E0628120E1620F08F46FEF6B
:106130009181282F4381892F90E00C94393081E0A0
:106140000C949130E9E5F9E0628120E1621B08F4EA
:1061500060E09181282F4381892F90E00C943930A1
:1061600081E00C94A230E9E5F9E0438120E1420F9F
:1061700008F44FEF9181282F6281892F90E00C94D1
:10618000393081E00C94B330E9E5F9E0438120E156
:10619000421B08F440E09181282F6281892F90E012
:1061A0000C94393081E00C94C43080935D09909157
:1061B0009508962B909395089091570890FF17C0DB
:1061C000611103C02DE737E002C02FE737E01F92CF
:1061D0008F933F932F938BED95E09F938F930E9426
:1061E00096060F900F900F900F900F900F900895BC
:1061F00020915D0930E1230F08F42FEF682F822FE3
:106200000C94D53081E00C94F83020915D0930E198
:10621000231B08F420E0682F822F0C94D53081E0F6
:106220000C94053160E084E70E94EF3261E086E77C
:106230000C94EF32CF930E94293684E70E94673195
:1062400086E70E946731C0E021E041E061E08C2FE9
:106250000E940432CF5FC133B9F760E084E70E9447
:10626000073361E086E7CF910C940733E3E8FAE067
:106270006083418324E630E042E050E0BF01880FB4
:106280000C94E0360F931F93CF93DF93082F000FEA
:10629000EB0114E21093830AE4E8FAE0DE018D9149
:1062A00081938AE0E439F807D1F724E630E041E150
:1062B00050E063E87AE0802F0E94E036105F60963D
:1062C000143B41F7DF91CF911F910F910895CF9328
:1062D000DF93C82F4BE06DEF0E94363140E06AE05B
:1062E0008C2F0E9436318FE39CE90197F1F700C0B3
:1062F000000040E060E08C2F0E94363140E061E019
:106300008C2F0E94363140E066E08C2F0E9436319F
:1063100040E06DEF8C2F0E943631D0E040E06D2FD1
:106320008C2F0E943631DF5FD231C1F740E06D2FF4
:106330008C2F0E943631DF5FD432C1F740E06D2FE1
:106340008C2F0E943631DF5FD43BC1F74BE06DEFFD
:106350008C2F0E94363141E06AE08C2F0E9436314A
:1063600040E06DEF8C2FDF91CF910C94363181336B
:10637000910578F5FC01EE0FFF1FEE0FFF1FDF0107
:10638000AA53BE4FCD010296FC0154910196FC0127
:106390003491FD01859183707491A82FB0E0F0E9EC
:1063A0008F9FC00111248D59964FFC01E70FF11DFD
:1063B000B4976083FC01E50FF11DB4974083830F10
:1063C000911DFC01B4972083FD01E454F74F81E057
:1063D00080830895FF920F931F93CF93DF93182F1D
:1063E000062FF42EC0E0D0E02F2D402F612FCE01DC
:1063F0000E94B7312196C133D105B1F7DF91CF911A
:106400001F910F91FF9008957F928F929F92AF926C
:10641000BF92CF92DF92EF92FF920F931F93CF9391
:10642000DF93362F54E0859FC0011124DC01AA536D
:10643000BE4FFD0165916370762E649170E0CB01D3
:1064400084978C0197FF02C0095F1F4FE3E0159509
:106450000795EA95E1F7BD016E5F7F4FFB016491FF
:1064600070E07B01F4E2EF1AF108E701F7FC2796F0
:1064700073E0D595C7957A95E1F7FD013396649160
:1064800070E04B0154E2851A9108F40197FC3796AD
:1064900053E0F595E7955A95E1F768E0A62EB12C03
:1064A000B5010E9482496C01C701B5010E94824971
:1064B0007C01C401B5010E9482491127672D70E05B
:1064C000DD24332399F032E1369FD001379FB00DA0
:1064D0001124A856B74FA00FB11F01E010E001C072
:1064E000000FCA94EAF73C91032B13C032E1369FA8
:1064F000D001379FB00D1124A856B74FA00FB11F80
:1065000001E010E001C0000FCA94EAF700953C9149
:1065100003230C93DD27FF2432E1442391F0369FBF
:10652000A001379F500D11244856574FC40FD51F57
:1065300041E050E001C0440FEA94EAF73881432B70
:1065400012C0369FA001379F500D11244856574F57
:10655000C40FD51F41E050E001C0440FEA94EAF7B0
:106560004095388143234883AF015527992792E10D
:10657000969FF001979FF00D1124E856F74FE40F16
:10658000F51F222361F021E030E0A90102C0440F91
:10659000551F8A95E2F7CA019081892B0CC021E032
:1065A00030E0A90102C0440F551F8A95E2F7CA01E5
:1065B0008095908189238083FB01EA56F74F81E023
:1065C0008083DF91CF911F910F91FF90EF90DF902B
:1065D000CF90BF90AF909F908F907F900895CF9372
:1065E000DF93262F30E0E901C454D74F98819923D7
:1065F00051F090E9929FB001939F700D11246D5955
:10660000764F0E9442311882DF91CF910895DF9238
:10661000EF92FF920F931F93CF93DF93262F30E0DB
:10662000A9014A56574F7A01FA01908191110AC087
:10663000F7011082DF91CF911F910F91FF90EF90A2
:10664000DF900895D82EF2E16F9FE001112400E061
:1066500010E0F801EC0FFD1FE856F74F4081602F66
:106660008D2D0E9436310F5F1F4F0231110589F7C2
:10667000DFCF882311F0FA0101C0FB0109941F93B9
:10668000CF93DF93FB011281112309F48CC0EC013D
:106690000E94FA138272CB3CFCE5DF0709F46EC05E
:1066A00048F5C63CECE5DE0709F454C070F4C43C80
:1066B0009CE5D90709F442C008F045C0C33CDC455D
:1066C00009F074C00E94DC2F70C0C83C9CE5D9075B
:1066D00009F44AC008F443C0C93CFCE5DF0709F4EB
:1066E00048C0CA3CDC4509F061C042ED50E361ECB2
:1066F00070E32DC0C03DECE5DE0709F450C088F41E
:10670000CD3C9CE5D90709F443C0E8F1CE3CFCE55B
:10671000DF0709F442C0CF3CDC4509F047C085E003
:106720003FC0C73D9CE5D90728F4C23DDC45E8F5EC
:1067300082E136C0CE35DD45C1F138C046E350E3D5
:1067400067E270E304C047E250E366E370E30E944F
:1067500039332BC04EE850E36BE770E3F8CF4BE7DB
:1067600050E36EE870E3F3CF40EB50E36FE970E382
:10677000EECF4FE950E360EB70E3E9CF41EC50E33B
:1067800062ED70E3E4CF4FE051E362E071E3DFCF0D
:1067900042E051E36FE071E3DACF81E001C08DE0C8
:1067A0000E94173002C011E001C010E0812FDF917C
:1067B000CF911F9108950F931F93CF93DF93C42F11
:1067C000D22FFC0182818823C9F04093C0080E9427
:1067D000B8389093BF088093BE0880E28C0F883051
:1067E00008F057C0C77081E001C0880FCA95EAF76A
:1067F000DF91CF911F910F910C94840B8091C00871
:10680000481330C08091BE089091BF080E94D038D4
:10681000883C910538F510E21D0FCD17B9F080E2E4
:106820008C0F883040F4C77081E001C0880FCA9592
:10683000EAF70E948B0B183028F581E09D2F9770A6
:1068400001C0880F9A95EAF70E94840B802F0E945E
:106850007B0B1830F0F4D77081E001C0880FDA9517
:10686000EAF70AC080E28C0F883098F4C77081E0A4
:1068700001C0880FCA95EAF7DF91CF911F910F9160
:106880000C948B0B802FDF91CF911F910F910C9463
:106890007B0BDF91CF911F910F9108950F939C0176
:1068A000CB01243F4CE5340731F188F4293DFCE568
:1068B0003F07D9F02A3D4CE5340779F1283D3C45A6
:1068C000A9F506E221EE41EE68ED7CE52BC0263FFE
:1068D000FCE53F07E1F0A8F0273F3C4539F507E22A
:1068E00025EE46EE67EF7CE51DC007E225EE45EE9E
:1068F00069ED7CE517C006E221EE40EE64EF7CE531
:1069000011C007E225EE44EE65EF7CE50BC006E220
:1069100021EE42EE66EF7CE505C008E221E045EE9F
:106920006AED7CE50E94DB3380E008C0FC018281D7
:10693000882319F01092C00801C081E00F910895DA
:10694000CF93DF93EC01FB018281882309F44CC1D2
:10695000C230FCE5DF0708F448C1C6319CE5D90721
:1069600038F09E012B5F3C452930310508F03DC1D0
:106970000E94D7149093F2088093F108C031ECE59F
:10698000DE0709F4CCC008F042C0C8308CE5D80757
:1069900009F4A1C0F0F4C430ECE5DE0709F487C0C7
:1069A00068F4C2308CE5D80709F47DC0C330DC45FB
:1069B00009F010C18091F10882607CC0C630ECE51E
:1069C000DE0709F480C008F082C08091F108886079
:1069D00071C0CC308CE5D80709F48DC068F4CA309A
:1069E000ECE5DE0709F47BC008F081C00E94020ECE
:1069F0008091F10880685EC0CE308CE5D80709F43C
:106A00007EC008F088C08091F1088B7F53C0CC3FD6
:106A1000ECE5DE0709F451C020F5C3318CE5D80759
:106A200009F485C078F4C131ECE5DE0709F47BC0D8
:106A3000C231DC4509F0CEC00E94020E8091F108FF
:106A40008F7738C0C5318CE5D80709F480C008F4C9
:106A5000B2C0CB3FDC4509F0BDC08091F208816037
:106A60002FC0C115FDE5DF0709F469C078F4CE3FFA
:106A70009CE5D90709F44BC008F445C08091F208A1
:106A8000826081608093F20840E08BC0C230FDE5F7
:106A9000DF0709F49CC008F476C0C330DD4509F077
:106AA00099C080E095C08091F108816003C0809119
:106AB000F10884608093F1088DC08091F2088260B3
:106AC0008093F20887C08091F1088061F3CF8091B4
:106AD000F1088062EFCF8091F1088064EBCF809164
:106AE000F108886084608093F10840E040C08091A4
:106AF000F1088E7FDFCF8091F1088D7FDBCF809111
:106B0000F108877FD7CF8091F2088E7FD9CF80910F
:106B1000F2088D7FD5CF8091F1088F7ECBCF809109
:106B2000F1088F7DC7CF8091F1088F7BC3CF809113
:106B3000F108877F8B7F8093F10840E01FC0809130
:106B4000F2088D7F8E7F8093F20840E02FC0809105
:106B5000F10882FB222720F991E040E0922790FB88
:106B600082F990FB83F98093F108992339F064E06E
:106B700070E08BE296E00E94851B2CC062E070E022
:106B80008BE496E0F8CF8091F208982F9095917061
:106B90008E7F892B90FB81F98093F20840E0992346
:106BA00029F064E070E08BEF95E0E5CF62E070E003
:106BB0008BE196E0E0CF0E94020E8091F10887FB06
:106BC000222720F991E0922790FB87F973CF81E08B
:106BD0000E9477158091F1089091F2080E94E814C4
:106BE0000E94020E80E001C081E0DF91CF91089504
:106BF000CF93DF9386319C4541F5EB010E94FA1358
:106C0000982F8A812091DA033091DB03882379F071
:106C10009A7A81E009F480E08093C108911102C062
:106C200069E201C065E3C9010E9451380AC0809140
:106C3000C108811102C069E201C065E3C9010E9477
:106C40005C380E944C1480E001C081E0DF91CF915C
:106C500008951092B9008CE08093B80008959F9237
:106C6000AF92BF92CF92DF92EF92FF920F931F935A
:106C7000CF93DF93B82EEB010E94B8386C01C4317A
:106C8000D10558F0CF3F8FEFD80759F0CE0164E11E
:106C900070E00E946E497B0107C0EE24E394F12C62
:106CA00003C025E0E22EF12C84E8A82E94EA992E68
:106CB0001092BC009092BC000E94B8388C01809168
:106CC000BC0087FD08C00E94B838801B910B8E1550
:106CD0009F05A8F32AC08091B900887F883041F0D1
:106CE0008091B900887F803119F00FEF1FEF1FC02E
:106CF000B092BB00A092BC000E94B8388C01809179
:106D0000BC0087FD08C00E94B838801B910B8E150F
:106D10009F05A8F30AC08091B900887F883111F0DF
:106D2000803419F700E010E00EC00EEF1FEFCF3FE8
:106D30008FEFD80709F4BCCFC6010E94D0388C175A
:106D40009D0708F4B5CFC801DF91CF911F910F9136
:106D5000FF90EF90DF90CF90BF90AF909F900895FD
:106D60000F931F93CF93DF93EB018093BB0084E8D5
:106D70008093BC000E94B8388C018091BC0087FDD4
:106D80000EC0CF3F8FEFD807C1F30E94B838801BE9
:106D9000910B8C179D0788F38EEF9FEF0CC020910D
:106DA000B900287F81E090E0283211F480E090E083
:106DB000919581959109DF91CF911F910F91089540
:106DC000CF92DF92EF92FF920F931F93CF93DF93B7
:106DD0006B018A017901B9010E942F36E6010C0D81
:106DE0001D1DC017D10761F424E92093BC00DF9179
:106DF000CF911F910F91FF90EF90DF90CF9008956A
:106E000097FDF2CFB70189910E94B036EACF9093F7
:106E1000C7088093C6080895E091C608F091C70896
:106E2000309721F00190F081E02D099480E00895E1
:106E3000EF92FF921F93CF93DF93FC01A091C608BE
:106E4000B091C708109709F442C080917106882359
:106E500041F08091F10887FF04C08081818385E043
:106E60008083EF011296ED91FC911397CE01099565
:106E70008091570882FF2BC080FF04C08DE099E00D
:106E80000E94FD0518E087E0E82E89E0F82E809149
:106E9000570880FF0BC088811F928F93FF92EF925B
:106EA0000E9496060F900F900F900F901150219610
:106EB0001111EDCF8091570880FF09C085E099E05E
:106EC000DF91CF911F91FF90EF900C94FD05DF9122
:106ED000CF911F91FF90EF9008952091C4083091B9
:106EE000C5082817390771F09093C5088093C40826
:106EF000E091C608F091C708309721F00680F7812D
:106F0000E02D099408952091C2083091C3082817F4
:106F1000390771F09093C3088093C208E091C608C6
:106F2000F091C708309721F00084F185E02D099495
:106F30000895FC01329680917106882331F080918A
:106F4000F10887FF02C09EE101C096E080E0915009
:106F500028F021912223D9F38F5FF9CF089566237A
:106F600051F1209171062223E9F02091F10827FFC9
:106F700019C0462F4695469546954E31E0F4677008
:106F800021E030E002C0220F331F6A95E2F7FC01D6
:106F9000E40FF11D828190E02823392381E0232B27
:106FA00069F409C0FC01329608962191621729F014
:106FB000E817F907D1F780E0089581E008959C0172
:106FC000FC0132969FEF80E04191461789F09F3F88
:106FD00019F4411101C0982F8F5F8630A9F79F3FA8
:106FE00039F0F901E90FF11D97FDFA9562830895D3
:106FF00008959C012A5F3F4FFC014281461301C066
:107000001282019682179307B9F70895262F2695C5
:10701000269526952E3170F4FC01E20FF11D677064
:1070200021E030E001C0220F6A95EAF78281282B27
:10703000228308958091570880FF0CC01F926F93A0
:107040008DE399E09F938F930E9496060F900F9087
:107050000F900F900895262F2695269526952E3170
:1070600078F4FC01E20FF11D677021E030E001C00F
:10707000220F6A95EAF720958281282322830895BA
:107080008091570880FF0CC01F926F938FE199E0A9
:107090009F938F930E9496060F900F900F900F90E2
:1070A000089520917106222329F02091F10827FDEF
:1070B0000C9406380C94DF3720917106222329F0B6
:1070C0002091F10827FD0C942B380C94F93720916E
:1070D0007106FC013296222331F08091F10887FF7E
:1070E00002C08EE101C086E0DF011D928A95E9F7BA
:1070F0000895089508950E94020E0E940C370E9480
:107100000A0A80E00E94AE2F0C9472071F920F9221
:107110000FB60F9211248F939F93AF93BF938091DB
:10712000C808811113C08091970A9091980AA09184
:10713000990AB0919A0A4196A11DB11D8093970AB0
:107140009093980AA093990AB0939A0ABF91AF912D
:107150009F918F910F900FBE0F901F90189582E016
:1071600084BD93E095BD9AEF97BD80936E0008951E
:107170002FB7F8948091970A9091980AA091990A54
:10718000B0919A0A2FBF08952FB7F8946091970A8B
:107190007091980A8091990A90919A0A2FBF089548
:1071A0009C014FB7F8948091970A9091980AA0910A
:1071B000990AB0919A0A4FBF821B930B0895CF9200
:1071C000DF92EF92FF922FB7F894C090970AD09079
:1071D000980AE090990AF0909A0A2FBFA7019601A9
:1071E000261B370B480B590BCA01B901FF90EF90D2
:1071F000DF90CF90089578941F920F920FB60F9260
:1072000011248F939F93AF93BF938091970A90918E
:10721000980AA091990AB0919A0A0196A11DB11DF0
:107220008093970A9093980AA093990AB0939A0A28
:10723000BF91AF919F918F910F900FBE0F901F90B4
:10724000189581E08093E00080E28093D80010924E
:10725000C9008FE19EE40197F1F700C0000087E0CC
:1072600090EBDC018093950B9093960BA093970B7A
:10727000B093980B9CE088E10FB6F894A8958093A2
:1072800060000FBE90936000FFCF9093B50780938E
:10729000B4070895881F8827881F089591E0883FC4
:1072A00008F490E0892F0895982F907F903BF1F09B
:1072B00038F49039D9F0903AC9F09038C9F416C032
:1072C000903D49F018F4903C31F012C0903E71F0BE
:1072D000903F19F00DC082E00895815F8F3040F437
:1072E000E82FF0E0EA56F84F8081089583E0089592
:1072F00080E008950F93022F0F77242F2F776F7060
:10730000462F406BDC01ED91FC9163E070E0099544
:107310000F9108950F93022F0F77242F2F776F70FF
:10732000462F4069DC01ED91FC9163E070E0099526
:107330000F9108950F93022F0F77242F2F776F70DF
:10734000462F4068DC01ED91FC9163E070E0099507
:107350000F910895FC01738362830895FC01758F7A
:10736000648F0895CF93DF93EC011DA21FA21EA28C
:10737000BC01685D7F4F40EC88519F4F0E94D53B18
:107380001B821A821D821C821F821E821986188609
:107390001B861A861D861C861F861E86198A188AD9
:1073A0001B8A1A8A1D8A1C8A1F8A1E8A198E188EA9
:1073B0001B8E1A8E1D8E1C8E1F8E1E8E19A218A259
:1073C000DF91CF910895EF92FF920F931F93CF9388
:1073D000DF93EA018A01060F111D88519F4F7C013E
:1073E000C017D10729F06991C7010E94DC3BF8CF93
:1073F000DF91CF911F910F91FF90EF900895FC01C5
:10740000718360830895FC0171A360A30895AF9216
:10741000BF92CF92DF92EF92FF920F931F93CF9381
:10742000DF9300D01F92CDB7DEB77C016B01142F24
:10743000B22EA02EDC0195968C9195978430F1F4B4
:107440005A96ED91FC915B97309709F4BEC0CB0141
:10745000019763E070E00E946E49CB01880F991F8D
:10746000860F971F4983BA820B834C2D481B9E01C0
:107470002F5F3F4FBC01C7010995B4C06230710551
:1074800009F452C06330710529F06130710509F0CB
:1074900099C080C0842F807F803AF9F058F48038FA
:1074A000B1F0803909F091C0D7011496ED91FC91AB
:1074B00015972AC0803EB9F0803FD9F0803B09F093
:1074C00084C0D7011296ED91FC9113971DC0D7018E
:1074D0001696ED91FC91179717C0D7011896ED916C
:1074E000FC91199711C0D7011A96ED91FC911B9749
:1074F0000BC0423F09F069C0D7011C96ED91FC9189
:107500001D97309731F461C0309709F45EC0123F87
:1075100021F42A2D4B2D62EF04C02A2D4B2D612F13
:107520006F70C70109955EC0842F807F803D59F040
:10753000803F79F0803C09F048C0D7011E96ED915C
:10754000FC911F9718C0D7015096ED91FC9151976F
:1075500012C0433F31F4D7015296ED91FC915397FD
:1075600007C0413F91F5D7015496ED91FC91559795
:10757000309739F42AC0309741F1812F8D7F813FB8
:1075800019F44B2D612F03C04B2D612F6F70C70174
:10759000099528C0842F0E944E39882331F0D701E5
:1075A0005696ED91FC91579707C0163F71F4D7019D
:1075B0005896ED91FC915997309739F0612FC7019A
:1075C000099510C064307105D8F4D7015C96ED912F
:1075D000FC915D97309731F00A2D2B2D412FB6018C
:1075E000C7010995D7015E96ED91FC915F973097A1
:1075F00051F00A2D2B2D412FB601C701099503C06B
:10760000C12CD12CE2CF0F900F900F90DF91CF9132
:107610001F910F91FF90EF90DF90CF90BF90AF90B0
:107620000895FF920F931F93CF93DF93EC01162FD2
:10763000862F0E944E39882369F0FDA081E08DA33A
:1076400000E020E0412F61E070E0CE010E94073AA7
:10765000FDA270C0812F0E944A394DA1882309F4F0
:1076600040C0443029F01AA381E090E09FA38EA38C
:10767000812F0E945439813031F070F0823051F006
:10768000833041F02AC08DA300E020E0412F61E06B
:1076900070E01EC08DA34EC0103FB1F0173FE9F45B
:1076A0002EA13FA1C90163E070E00E946E49FE0176
:1076B000E80FF91F12A3B9016F5F7F4F7FA36EA37D
:1076C0000CA12BA14AA104C084E08DA31AA329C058
:1076D000CE010E94073A1DA22DC01DA21FA21EA20C
:1076E00029C0442339F12EA13FA1C90163E070E014
:1076F0000E946E49FE01E80FF91F12A3B9016F5FE6
:107700007F4F7FA36EA38130910581F0029791F4A2
:107710000CA12BA14AA1CE010E94073A8DA1843071
:1077200049F081E090E09FA38EA304C0423011F4A1
:1077300000E0EFCFDF91CF911F910F91FF9008955F
:10774000CF92DF92EF92FF920F931F93CF93DF932D
:10775000EC01E8A1F9A1309709F009956E0188EED6
:10776000C80ED11CC6010E940C3CE12CF12C082F44
:1077700010E0E016F10680F460E0C6010E94223CB1
:10778000682FCE010E94113B61E0C6010E94333C8C
:107790008FEFE81AF80AEDCFDF91CF911F910F918B
:1077A000FF90EF90DF90CF900895FC0142837483A7
:1077B00063831182108208951F93CF93DF93EC01AE
:1077C000162F0E944B3CE82F298130E0C901019619
:1077D0006A8170E00E948249488150E084179507D1
:1077E00029F48E2F0E944E3C80E012C08B819C8138
:1077F000DC01A20FB31F1C93898190E001966A817E
:1078000070E00E94824989838E2F0E944E3C81E065
:10781000DF91CF911F9108950F931F93CF938C0108
:107820000E944B3CF801C1812081C21718F4F80175
:107830009281C90FC21B0E944E3C8C2FCF911F9189
:107840000F910895FC012081862F90E0820F911DF9
:10785000628170E00E9482490380F481E02DE80F8C
:10786000F91F808108951F93CF93DF93EC01162FAA
:107870000E944B3C282F3881812F90E0830F911D6F
:107880006A8170E00E9482498883822FDF91CF91C4
:107890001F910C944E3C8FB7F89408958FBF0895B4
:1078A00008956330710509F03FC0622F842F807FF7
:1078B0008038F1F08039C1F56F7770E080E090E0BA
:1078C0000E94674620E030E040E451E40E94BD455C
:1078D0009B01AC0160E070E080E090E40E94EB4727
:1078E0002DEC3CEC42E851E40E947E470C946E1D66
:1078F0006F7770E080E090E00E94674620E030E023
:1079000040E451E40E94BD459B01AC0160E070E0A1
:1079100080E090E40E94EB472DEC3CEC42E851E41F
:107920000E947E470C942F1C4C3F11F40C941B1B9F
:1079300008950F931F93CF93DF93CDB7DEB72797AB
:107940000FB6F894DEBF0FBECDBF8C01CE010196FD
:107950000E94C83F882309F18A810E9454399A8184
:107960009D839B819E839C819F8381110EC0898111
:10797000843041F0873031F0863031F0853031F796
:1079800081E003C083E001C082E0AE014B5F5F4F46
:10799000682FC8010E94E339D9CF27960FB6F89413
:1079A000DEBF0FBECDBFDF91CF911F910F91089524
:1079B000DF92EF92FF920F931F93CF93DF9300D04C
:1079C00000D0CDB7DEB77B01142FD22E4A832B8394
:1079D0000C83842F0E94543981111CC082E0E81668
:1079E000F10471F083E0E816F10421F0EA94EF2845
:1079F000C1F40CC0073F11F487E006C084E004C066
:107A000087EFD812FBCF86E0898307C0173FB1F715
:107A100085E0FACF12951F701983CE0101960E945E
:107A2000C33F0F900F900F900F90DF91CF911F9158
:107A30000F91FF90EF90DF9008958BE99AE00E94FC
:107A4000B23968ED7CE38BE99AE00E94FF3969E97D
:107A50007CE38BE99AE00E94033A61E57CE38BE9E1
:107A60009AE00E94AE3960E57CE38BE99AE00C94E1
:107A7000AA3920918C0B2430D9F49B01FC0181811F
:107A80008F708093E90040E050E064E070E0C9014D
:107A90000E945C4081110FC09091E800892F807294
:107AA00095FD08C09091E8009E779093E8000895B6
:107AB00082E0089580E0089520918C0B243091F4A9
:107AC000FC0181818F708093E9008091F200909198
:107AD000F300892B49F08091E8008E778093E800CD
:107AE0000C94014282E0089580E00895FC018091A9
:107AF0008C0B843059F491819F709093E9008091B0
:107B0000E80080FF03C0CF010C945C3D08952091F4
:107B10008C0B243011F080E00895FC0186818F7079
:107B20008093E9008091E80082FFF5CF8091E80022
:107B300085FFF1CFCB0140E050E064E070E00E94AF
:107B4000A7408091E80085FD05C08091E8008B7713
:107B50008093E80081E008958091EF080895909166
:107B60008C0B943031F58093CB087093CD086093E3
:107B7000CC0882E08093E9008FEF9091E80081507B
:107B800095FD06C095ED9A95F1F700008111F5CFAE
:107B90008091E80085FF0DC040E050E063E070E0B8
:107BA0008BEC98E00E945C408091E8008E77809397
:107BB000E8000895BC0184E00C94AF3DBC0183E073
:107BC0000C94AF3DCF93DF9320917106222339F0BF
:107BD0002091F10827FF03C060E222E002C068E0C4
:107BE00021E02093E9002FEF3091E800215035FD8E
:107BF00006C035ED3A95F1F700002111F5CF20913F
:107C0000E80025FF1DC0EC0180917106811105C0BF
:107C100040E050E068E070E003C070E040E050E019
:107C2000CE010E945C408091E8008E778093E8004E
:107C300080E2FE01AFECB8E001900D928A95E1F789
:107C4000DF91CF91089508958CE799E00E94FD059A
:107C500080918B0B811109C00E9434420E94964290
:107C60008091E20084608093E200089588E799E0C3
:107C70000E94FD0510928B0B089584E799E00C9407
:107C8000FD0580E799E00C94FD058CE699E00E94E3
:107C9000FD050C947B382091CA082F5F822F62E388
:107CA0000E946249992319F02093CA0808951092FE
:107CB000CA088091CE08882371F180918C0B8430A2
:107CC00041F58091E9008F702091EC00922F917026
:107CD00020FD90E8892B93E09093E9009091EB00D0
:107CE00090FF14C09091EE0097FF10C09091E800B3
:107CF00095FF03C01092F100F9CF9091E80090FF3A
:107D000005C09091E8009E779093E8008F70809373
:107D1000E9001092CE08089542E061EC81E00E94F3
:107D2000AD4142E261EC82E00E94AD4142E261EC91
:107D300083E00E94AD4142E361E884E00E94AD41EE
:107D400042E361E885E00C94AD4180918E0B833075
:107D500009F45EC030F4813071F0823009F497C0CC
:107D600008958A3009F483C08B3009F469C08930E2
:107D700009F0A5C020C080918D0B813A09F09FC009
:107D80008091E800877F8093E8008091910B90912B
:107D9000920B892B21F460E28FEC98E003C060E045
:107DA00080E090E070E00E94F2408091E8008B77E4
:107DB0008093E800089580918D0B813209F07FC097
:107DC0008091910B9091920B029708F078C080916E
:107DD000E800877F8093E8008091E80082FD05C07D
:107DE00080918C0B8111F8CF6AC08091F200909144
:107DF000F300029729F48091F1008B7F813021F408
:107E00008091F1008093EF088091E8008B7753C058
:107E100080918D0B813A09F052C08091910B909125
:107E2000920B892B09F04BC08091E800877F8093EB
:107E3000E8008091E80080FFFCCF8091710636C099
:107E400080918D0B8132D9F58091910B9091920B9D
:107E5000892BA9F58091E800877F8093E8000E9434
:107E6000E24180918F0B809371060C94020E8091F9
:107E70008D0B813221F58091E800877F8093E800A7
:107E80000E94E2418091900B8093F00808958091C8
:107E90008D0B813AA1F48091E800877F8093E80000
:107EA0008091E80080FFFCCF8091F0088093F10082
:107EB0008091E8008E778093E8000C94E241089569
:107EC0009FB7F8941092CE089FBF90918C0B94307E
:107ED00009F057C09091E9009F703091EC00232F7A
:107EE000217030FD20E8922B23E02093E9002091BF
:107EF000EB0020FF43C02091EE0027FF3FC0209100
:107F0000C908222321F02091E80025FF37C01092F4
:107F1000C90826E03091E80035FD15C030918C0B82
:107F2000343061F53091EB0035FD28C0215021F44B
:107F300081E08093C90822C0EFE9FFE03197F1F7B3
:107F400000C00000E7CF8093F1008091E80085FD3C
:107F50000AC08091E80080FFFCCF8091E8008E7716
:107F60008093E80006C08FB7F89421E02093CE08F4
:107F70008FBF9F709093E90080E008959F70909369
:107F8000E9008FEF0895BC018BE596E00C94393D34
:107F9000BC018BE596E00C94873D0E941D3D84B7A3
:107FA000877F84BF0FB6F894A895809160008861A0
:107FB00080936000109260000FBE90E080E80FB6E2
:107FC000F89480936100909361000FBE0C94A71504
:107FD0000E9434420E949642E2EEF0E0808184608A
:107FE000808378940E9430450E94B51587E696E01C
:107FF0000E9407378BE599E00C94FD050E94E3157C
:108000008BE596E00C94763D0C940640292F33279F
:1080100023303105C9F060F42130310581F0223080
:10802000310509F041C08FEB90E02CEA39E040C007
:1080300021323105E1F02232310531F135C082E1E2
:1080400090E02BE63AE034C099278130910549F061
:1080500028F0029749F5E0E8F9E005C0E8EAF9E020
:1080600002C0ECE9F9E0849190E09F0121C0633007
:108070007105D0F4660F771FFB01E255F84F2081A0
:10808000318189E090E014C06330710568F4FB0130
:10809000EE0FFF1FE855F84F20813181FB01EB55B2
:1080A000F84F808190E004C080E090E020E030E074
:1080B000FA01318320830895CF92DF92EF92FF92ED
:1080C0000F931F93CF93DF93EC018B017A010E94F2
:1080D0000142811133C0E114F10439F0F7018081CC
:1080E0009181081B190BC80FD91FC12CD12C011568
:1080F000110519F18091E80085FD16C08091E80016
:108100008E778093E800E114F10449F0F701808153
:108110009181C80ED91ED182C08285E00FC00E9415
:108120000142882321F30AC089918093F100015014
:108130001109FFEFCF1ADF0ADACF80E0DF91CF918C
:108140001F910F91FF90EF90DF90CF900895CF9205
:10815000DF92EF92FF920F931F93CF93DF93EC0187
:108160008B017A010E940142811133C0E114F104B4
:1081700039F0F70180819181081B190BC80FD91FB5
:10818000C12CD12C0115110519F18091E80085FD54
:1081900016C08091E8008B778093E800E114F10429
:1081A00049F0F70180819181C80ED91ED182C08229
:1081B00085E00FC00E940142882321F30AC080910C
:1081C000F100899301501109FFEFCF1ADF0ADACFCE
:1081D00080E0DF91CF911F910F91FF90EF90DF90A2
:1081E000CF9008952091930B3091940B2617370769
:1081F00048F06115710539F42091E8002E7720933D
:10820000E80001C0B901FC0120E06115710569F1C8
:1082100080918C0B8823E1F18530E1F18091E800B9
:1082200083FD3AC08091E80082FD2CC08091E80077
:1082300080FFEBCF8091F2009091F3006115710502
:1082400051F08830910538F421912093F10061506C
:1082500071090196F3CF21E0089709F020E08091A1
:10826000E8008E778093E800D0CF2111D1CF0AC0EB
:1082700080918C0B882361F0853061F08091E8005B
:1082800083FD0AC08091E80082FFF2CF80E008956C
:1082900082E0089583E0089581E008952091930B92
:1082A0003091940B2617370748F06115710539F4A2
:1082B0002091E8002E772093E80001C0B901FC016D
:1082C00020E06115710581F180918C0B882309F400
:1082D0003EC0853009F43DC08091E80083FD3BC07D
:1082E0008091E80082FD2DC08091E80080FFE9CFF9
:1082F0008091F2009091F3006115710559F088307A
:10830000910540F424912093F10031966150710958
:108310000196F2CF21E0089709F020E08091E80073
:108320008E778093E800CDCF2111CECF0AC0809107
:108330008C0B882361F0853061F08091E80083FD2B
:108340000AC08091E80082FFF2CF80E0089582E0C9
:10835000089583E0089581E00895982F973068F597
:108360009093E900981739F07091EC002091ED009E
:108370005091F00003C0242F762F50E021FD02C061
:108380009F5FECCF3091EB003E7F3093EB0030915C
:10839000ED003D7F3093ED003091EB003160309384
:1083A000EB007093EC002093ED005093F0002091CF
:1083B000EE0027FDE5CF80E008958F708093E900FF
:1083C00081E0089580918D0B87FF11C08091E800B6
:1083D00082FD05C080918C0B8111F8CF11C0809176
:1083E000E8008B770BC080918C0B882349F080913B
:1083F000E80080FFF8CF8091E8008E778093E80056
:1084000008952091E4003091E50095E64091EC005C
:10841000842F817040FF23C08091E80080FD1DC043
:1084200080918C0B882399F0853099F08091EB0036
:1084300085FD11C04091E4005091E50024173507F7
:1084400029F3915011F09A01E1CF84E0089582E080
:10845000089583E0089581E0089580E008954091B3
:10846000E80042FFDDCF08950E94A5420E94AD4280
:10847000E0EEF0E0808181608083E8EDF0E08081D3
:108480008F77808319BCA7EDB0E08C918E7F8C93A1
:1084900080818F7E808310928B0B08950F931F93A2
:1084A000CF93DF930E94A5420E94AD42C8EDD0E079
:1084B00088818F77888388818068888388818F7D91
:1084C0008883E7EDF0E080818068808319BC10929A
:1084D0008C0B1092880B10928A0B1092890B00EE75
:1084E00010E0F80180818B7F8083888181608883A0
:1084F00042E060E080E00E94AD41E1EEF0E080818A
:108500008E7F8083E2EEF0E08081816080838081D5
:1085100088608083F80180818E7F8083888180617C
:108520008883DF91CF911F910F910895E8EDF0E0DE
:1085300080818F7E8083E7EDF0E0808181608083A1
:1085400081E080938B0B0C944E42E8EDF0E080814B
:108550008C7F80831092E20008951092DA001092CE
:10856000E10008951F920F920FB60F9211240BB6DF
:108570000F922F933F934F935F936F937F938F93BC
:108580009F93AF93BF93EF93FF938091E10082FF9E
:108590000BC08091E20082FF07C08091E1008B7FD9
:1085A0008093E1000E944B3E8091DA0080FF1FC063
:1085B0008091D80080FF1BC08091DA008E7F80936D
:1085C000DA008091D90080FF0DC084E189BD86E189
:1085D00089BD09B400FEFDCF81E080938C0B0E9421
:1085E000243E05C019BC10928C0B0E94363E80912F
:1085F000E10080FF19C08091E20080FF15C08091EA
:10860000E2008E7F8093E2008091E200806180939F
:10861000E2008091D80080628093D80019BC85E088
:1086200080938C0B0E94413E8091E10084FF30C01A
:108630008091E20084FF2CC084E189BD86E189BD80
:1086400009B400FEFDCF8091D8008F7D8093D800C3
:108650008091E1008F7E8093E1008091E2008F7E27
:108660008093E2008091E20081608093E20080913B
:10867000880B882311F084E007C08091E30087FD18
:1086800002C081E001C083E080938C0B0E94453ED4
:108690008091E10083FF29C08091E20083FF25C023
:1086A0008091E100877F8093E10082E080938C0BD2
:1086B0001092880B8091E1008E7F8093E100809181
:1086C000E2008E7F8093E2008091E20080618093DF
:1086D000E20042E060E080E00E94AD418091F00065
:1086E00088608093F0000E943D3EFF91EF91BF9122
:1086F000AF919F918F917F916F915F914F913F913A
:108700002F910F900BBE0F900FBE0F901F901895DA
:108710001F920F920FB60F9211240BB60F922F9348
:108720003F934F935F936F937F938F939F93AF93F9
:10873000BF93CF93DF93EF93FF93C091E900CF7086
:108740008091EC00D82FD17080FDD0E81092E90024
:108750008091F000877F8093F00078940E94D0434E
:108760001092E9008091F00088608093F000CD2B9A
:10877000CF70C093E900FF91EF91DF91CF91BF914E
:10878000AF919F918F917F916F915F914F913F91A9
:108790002F910F900BBE0F900FBE0F901F9018954A
:1087A0001F93CF93DF93CDB7DEB7AA970FB6F89498
:1087B000DEBF0FBECDBFEDE8FBE08091F1008193FD
:1087C0002BE0E539F207C9F70E94A53E8091E80049
:1087D00083FF2EC180918D0B90918E0B492F50E01D
:1087E0004A30510508F024C1FA01E856FF4F0C94B5
:1087F000B849803821F0823809F01AC108C0809148
:10880000890B90918A0B992389F082600FC0809127
:10881000910B8F70873008F00BC18093E900809135
:10882000EB0085FB882780F91092E9009091E80021
:10883000977F9093E8008093F1001092F100D1C0EF
:10884000282F2D7F09F0F4C0882319F0823061F0C1
:10885000EFC080918F0B813009F0EAC0933009F0AE
:1088600080E080938A0B2EC080918F0B81112AC0EB
:108870008091910B8F702FEF280F263008F0D8C011
:108880008093E9002091EB0020FF1CC0933021F47D
:108890008091EB00806214C09091EB009061909306
:1088A000EB0021E030E0A90102C0440F551F8A957A
:1088B000E2F74093EA001092EA008091EB008860B2
:1088C0008093EB001092E9008091E800877F80930D
:1088D000E8000E94E241ACC08111AAC010918F0B48
:1088E0001F778091E3008078812B8093E300809153
:1088F000E800877F8093E8000E94E2418091E800D1
:1089000080FFFCCF8091E30080688093E300111129
:1089100002C082E001C083E080938C0B89C0805844
:10892000823008F085C080918F0B9091900B8C3D28
:1089300053E0950779F583E08A838AE289834FB70C
:10894000F894DE01139620E03EE051E2E32FF0E0E0
:1089500050935700E49120FF03C0E295EF703F5F12
:10896000EF708E2F90E0EA3010F0C79601C0C096ED
:108970008D939D932F5F243149F74FBF8091E8007D
:10898000877F8093E8006AE270E0CE0101960E9442
:10899000F24016C06091910B7091920BAE014F5F47
:1089A0005F4F0E940440BC01892B09F441C09091A3
:1089B000E800977F9093E80089819A810E944E4158
:1089C0008091E8008B778093E80032C0803881F591
:1089D0008091E800877F8093E8008091880B8093E6
:1089E000F1008091E8008E7772CF811121C08091D3
:1089F0008F0B9091900B99270297D4F48091E80007
:108A0000877F8093E80080918F0B8093880B0E9472
:108A1000E2418091880B811106C08091E30087FDBF
:108A200002C081E001C084E080938C0B0E948C3EE8
:108A30008091E80083FF0AC08091E800877F8093DF
:108A4000E8008091EB0080628093EB00AA960FB65D
:108A5000F894DEBF0FBECDBFDF91CF911F91089577
:108A6000CF9380918C0B8823A1F0C091E900CF7047
:108A70009091EC00892F817090FD80E8C82B1092B6
:108A8000E9008091E80083FD0E94D043CF70C0933D
:108A9000E900CF9108955058BB27AA270E9463454B
:108AA0000C943F470E94314738F00E94384720F02D
:108AB00039F49F3F19F426F40C942E470EF4E095F8
:108AC000E7FB0C941A47E92F0E94504758F3BA1756
:108AD000620773078407950720F079F4A6F50C94D4
:108AE00072470EF4E0950B2EBA2FA02D0B01B901A1
:108AF00090010C01CA01A0011124FF27591B99F014
:108B0000593F50F4503E68F11A16F040A22F232F1F
:108B1000342F4427585FF3CF469537952795A7956F
:108B2000F0405395C9F77EF41F16BA0B620B730B16
:108B3000840BBAF09150A1F0FF0FBB1F661F771F87
:108B4000881FC2F70EC0BA0F621F731F841F48F43C
:108B5000879577956795B795F7959E3F08F0B0CFC5
:108B60009395880F08F09927EE0F979587950895AC
:108B70000E94F64608F481E008950E94D1450C94C5
:108B80003F470E94384758F00E94314740F029F48F
:108B90005F3F29F00C941A4751110C9473470C94C1
:108BA0002E470E94504768F39923B1F3552391F360
:108BB000951B550BBB27AA2762177307840738F04C
:108BC0009F5F5F4F220F331F441FAA1FA9F335D0A9
:108BD0000E2E3AF0E0E832D091505040E695001C5D
:108BE000CAF72BD0FE2F29D0660F771F881FBB1F17
:108BF000261737074807AB07B0E809F0BB0B802DF5
:108C0000BF01FF2793585F4F3AF09E3F510578F020
:108C10000C941A470C9473475F3FE4F3983ED4F3E7
:108C2000869577956795B795F7959F5FC9F7880FF4
:108C3000911D9695879597F90895E1E0660F771F46
:108C4000881FBB1F621773078407BA0720F0621BD7
:108C5000730B840BBA0BEE1F88F7E09508950E9402
:108C600036466894B1110C94734708950E94584792
:108C700088F09F5798F0B92F9927B751B0F0E1F0DD
:108C8000660F771F881F991F1AF0BA95C9F714C08D
:108C9000B13091F00E947247B1E008950C94724790
:108CA000672F782F8827B85F39F0B93FCCF38695C6
:108CB00077956795B395D9F73EF490958095709523
:108CC00061957F4F8F4F9F4F0895E89409C097FBA0
:108CD0003EF490958095709561957F4F8F4F9F4F93
:108CE0009923A9F0F92F96E9BB279395F6958795D7
:108CF00077956795B795F111F8CFFAF4BB0F11F49A
:108D000060FF1BC06F5F7F4F8F4F9F4F16C0882340
:108D100011F096E911C0772321F09EE8872F762F76
:108D200005C0662371F096E8862F70E060E02AF0B7
:108D30009A95660F771F881FDAF7880F96958795A3
:108D400097F908950E94314720F019F00E943847A2
:108D500050F40C942E470C947347E92F0E9450470F
:108D600088F35523B1F3E7FB621773078407950770
:108D7000A8F189F3E92FFF2788232AF03197660F9E
:108D8000771F881FDAF7952F5527442332F091502B
:108D90005040220F331F441FD2F7BB27E91BF50BAE
:108DA000621B730B840BB109B1F222F4620F731FC3
:108DB000841FB11D31972AF0660F771F881FBB1FD4
:108DC000EFCF9150504062F041F0882332F0660FAF
:108DD000771F881F91505040C1F793950C942047FE
:108DE0008695779567959F5FD9F7F7CF990F00081C
:108DF000550FAA0BE0E8FEEF16161706E807F9076D
:108E0000C0F012161306E407F50798F0621B730B07
:108E1000840B950B39F40A2661F0232B242B252B88
:108E200021F408950A2609F4A140A6958FEF811D2B
:108E3000811D089597F99F6780E870E060E00895CC
:108E40009F3F31F0915020F4879577956795B795BE
:108E5000880F911D9695879597F908959FEF80EC5F
:108E6000089500240A941616170618060906089590
:108E700000240A9412161306140605060895092EF6
:108E80000394000C11F4882352F0BB0F40F4BF2B65
:108E900011F460FF04C06F5F7F4F8F4F9F4F0895A5
:108EA00057FD9058440F551F59F05F3F71F047959B
:108EB000880F97FB991F61F09F3F79F08795089580
:108EC000121613061406551FF2CF4695F1DF08C09F
:108ED000161617061806991FF1CF869571056105BC
:108EE00008940895E894BB2766277727CB0197F964
:108EF00008950E94F64608F48FEF08950E94914766
:108F00000C943F470E94314738F00E94384720F0C8
:108F1000952311F00C941A470C942E4711240C94AD
:108F200073470E94504770F3959FC1F3950F50E02F
:108F3000551F629FF001729FBB27F00DB11D639F0B
:108F4000AA27F00DB11DAA1F649F6627B00DA11DB1
:108F5000661F829F2227B00DA11D621F739FB00D57
:108F6000A11D621F839FA00D611D221F749F3327C7
:108F7000A00D611D231F849F600D211D822F762F60
:108F80006A2F11249F5750409AF0F1F088234AF03D
:108F9000EE0FFF1FBB1F661F771F881F91505040A9
:108FA000A9F79E3F510580F00C941A470C94734723
:108FB0005F3FE4F3983ED4F3869577956795B79530
:108FC000F795E7959F5FC1F7FE2B880F911D96954A
:108FD000879597F90895FA01EE0FFF1F3096210546
:108FE0003105A1F16115710561F48038BFE39B077C
:108FF00049F168949038810561F08038BFEF9B0794
:1090000041F099234AF5FF3FE1053105210519F1AA
:10901000E8940894E795D901AA2329F4AB2FBE2F31
:10902000F85FD0F310C0FF5F70F4A695E0F7F73952
:1090300050F019F0FF3A38F49F779F930DD00F90BE
:1090400007FC9058089546F00C942E4760E070E0BD
:1090500080E89FE308954FE79F775F934F933F9397
:109060002F930E94E6482F913F914F915F910E946C
:109070007E470C94434829F416F00C941A470C943C
:1090800072470C942E470E945847A8F39638A0F7D1
:1090900007F80F92E8942BE33AEA48EB5FE70E9467
:1090A00094470F920F920F924DB75EB70F920E94A6
:1090B0002E49E4E4F1E00E9475484F915F91EF91F1
:1090C000FF91E595EE1FFF1F49F0FE57E06844272A
:1090D000EE0F441FFA95E1F74195550B0E94A84801
:1090E0000F9007FE0C949C480895DF93CF931F9335
:1090F0000F93FF92EF92DF927B018C01689406C080
:10910000DA2EEF010E949147FE01E894A591259186
:10911000359145915591A6F3EF010E946345FE01FB
:109120009701A801DA9469F7DF90EF90FF900F9113
:109130001F91CF91DF9108959B01AC0160E070E039
:1091400080E89FE30C94BD450C941A470C9420478B
:109150000E945847D8F39923C9F3940F511DA3F3E4
:109160009150504094F059F0882332F0660F771FE9
:10917000881F91505040C1F79E3F51052CF7880F32
:10918000911D9695879597F908955F3FACF0983EAD
:109190009CF0BB27869577956795B79508F4B160E5
:1091A0009395C1F7BB0F58F711F460FFE8CF6F5FDD
:1091B0007F4F8F4F9F4FE3CF0C94734716F00C9463
:1091C00020470C942E4768940C941A470E945847E5
:1091D000A8F39923C1F3AEF3DF93CF931F930F93BB
:1091E000FF92C92FDD2788232AF02197660F771F6A
:1091F000881FDAF720E030E040E85FEB9FE3883932
:1092000020F0803E38F021968F770E944C45ECE6A6
:10921000F1E004C00E944C45E9E9F1E00E94754884
:109220008B01BE01EC01FB2E6F5771097595771FFD
:10923000880B990B0E94674628E132E741E35FE320
:109240000E949147AF2D9801AE01FF900F911F91A1
:10925000CF91DF910E9463450C943F47FA01DC01F6
:10926000AA0FBB1F9B01AC01BF5728F4222733274D
:109270004427507820C0B75190F4AB2F0024469576
:1092800037952795011CA395D2F3002071F0220F8A
:10929000331F441FB395DAF30ED00C944B45613065
:1092A0007105A0E88A07B94630F49B01AC01662736
:1092B000772788279078309621F020833183428366
:1092C00053830895991B79E004C0991F961708F0FD
:1092D000961B881F7A95C9F780950895AA1BBB1B1A
:1092E00051E107C0AA1FBB1FA617B70710F0A61BA6
:1092F000B70B881F991F5A95A9F780959095BC01C7
:10930000CD01089597FB072E16F4009407D077FD42
:1093100009D00E946E4907FC05D03EF490958195D6
:109320009F4F0895709561957F4F0895A1E21A2E81
:10933000AA1BBB1BFD010DC0AA1FBB1FEE1FFF1FF9
:10934000A217B307E407F50720F0A21BB30BE40B49
:10935000F50B661F771F881F991F1A9469F7609590
:109360007095809590959B01AC01BD01CF0108954A
:10937000EE0FFF1F0024001C0BBE0790F691E02D9E
:109380000994A29FB001B39FC001A39F700D811DDE
:109390001124911DB29F700D811D1124911D0895FE
:1093A0000E94C149A59F900DB49F900DA49F800D70
:1093B000911D112408958F929F92AF92BF92CF92E8
:1093C000DF92EF92FF92CF93DF93EC016881798176
:1093D0008A819B81611571058105910521F464E203
:1093E00079ED8BE597E02DE133EF41E050E00E940D
:1093F000944A49015A019B01AC01A7EAB1E40E94D9
:10940000D0496B017C01ACEEB4EFA50194010E9440
:10941000B64ADC01CB018C0D9D1DAE1DBF1DB7FFF3
:1094200003C00197A109B04888839983AA83BB83AD
:109430009F77DF91CF91FF90EF90DF90CF90BF901B
:10944000AF909F908F9008950C94DB4980E091E05D
:109450000C94DB49A0E0B0E08093000190930101FF
:10946000A0930201B09303010895FB01DC0104C045
:109470008D910190801921F441505040C8F7881B0C
:10948000990B0895DC01CB01FC01F999FECF06C0D0
:10949000F2BDE1BDF89A319600B40D9241505040B2
:1094A000B8F70895F999FECF92BD81BDF89A992732
:1094B00080B50895A8E1B0E042E050E00C94444A41
:1094C000DC01A40FB51F4150504048F0CB01840F80
:1094D000951F2E910E94714A41505040D0F7089537
:1094E000262FF999FECF92BD81BDF89A019700B45D
:1094F000021639F01FBA20BD0FB6F894FA9AF99AFD
:109500000FBE08950396272F0E94714A0E94704A49
:10951000252F0E94714A242F0C94714A0196272FFF
:109520000E94714A0C94704A052E97FB1EF4009419
:109530000E94AB4A57FD07D00E94964907FC03D012
:109540004EF40C94AB4A50954095309521953F4F81
:109550004F4F5F4F089590958095709561957F4F1F
:109560008F4F9F4F0895B7FF0C94D0490E94D04968
:0A957000821B930B0895F894FFCFBF
:10957A0001000000101F1A190F1B0B240100000123
:10958A0000010100000101000100000100010203C5
:10959A000405060708090A0B0C0D0E0F1011121309
:1095AA001415161718191A1B1C1D1E1F20212223F9
:1095BA002425262728292B2C2D2E2F300000140095
:1095CA0028003D00510065007A008E00A200B70015
:1095DA00CB00DF000015141528153D15511565152A
:1095EA007A158E15A215B715CB15DF15002A142A80
:1095FA00282A3D2A512A652A7A2A8E2AA22AB72A95
:10960A00CB2ADF2A003F143F283F3D3F513F653FA9
:10961A006F3F7A3F8E3FA23FB73FCB3FDF3F010408
:10962A0004040404040404040401010404040404F6
:10963A0004040404040101040404040404040404E6
:10964A0004010101010101040404010101010132C3
:10965A0000460AA7CF44000000410000DC44000095
:10966A000041000000000000804000005C4500004E
:10967A004041000000000000804052D02445000014
:10968A0040410AA7CF44000000410000DC4400002A
:10969A000041000000000000804052D02445000034
:1096AA004041000000000000804000005C450000CE
:1096BA0040410AA7CF44000000410000DC440000FA
:1096CA000041000000000000804052D02445000004
:1096DA0080410000000000000000000000000000BF
:1096EA000000000000000000000000000000000070
:1096FA000000000000000000000000000000000060
:10970A00000000000000000000000000000000004F
:10971A00000000000000000000000000000000003F
:10972A00000000000000000000000000000000002F
:10973A0000000AA7CF44000000410000DC440000FA
:10974A000041000000000000804052D02445000083
:10975A00404100000000000080400AA74F45000079
:10976A00404100000000000000000000000000006E
:10977A0000000000000000000000000000000000DF
:10978A0000000000000000000000000000000000CF
:10979A0000000000000000000000000000000000BF
:1097AA0000000000000000000000000000000000AF
:1097BA0000000AA7CF44000000410000DC4400007A
:1097CA000041000000000000804052D02445000003
:1097DA00004100000000000080405CFF38450000A6
:1097EA000041000000000000804052D024450000E3
:1097FA00004100000000000000000000000000001E
:10980A00000000000000000000000000000000004E
:10981A00000000000000000000000000000000003E
:10982A00000000000000000000000000000000002E
:10983A00000052D02445000000410000DC44000032
:10984A00004152D0A44400004041230800005C4477
:10985A00000080415C978A440000804152D0A444B1
:10986A00000080410000DC4400008041010000DC6F
:10987A00440000004100005C440000004100005C1C
:10988A0044000000410000DC440000004152D024A2
:10989A0045000040415C970A450000004152D0A4AF
:1098AA0044000000410000DC44000000415C970ACB
:1098BA00450000A041780000003E0000003F320051
:1098CA0000DC44000000410AA7CF44000000415CCC
:1098DA00FFB8440000004152D0A444000000411FD8
:1098EA00D59244000000415C978A44000000414838
:1098FA00F176440000004100005C44000000410091
:10990A00005C440000004148F17644000000415CDC
:10991A00978A44000000411FD5924400000041523A
:10992A00D0A444000000415CFFB844000000410A92
:10993A00A7CF44000000410000DC440000004100C1
:10994A0000DC44000000410AA7CF44000000415C4B
:10995A00FFB8440000004152D0A444000000411F57
:10996A00D59244000000415C978A440000004148B7
:10997A00F176440000004100005C44000000410010
:10998A00005C440000004148F17644000000415C5C
:10999A00978A44000000411FD592440000004152BA
:1099AA00D0A444000000415CFFB844000000410A12
:1099BA00A7CF44000000410000DC44000000410041
:1099CA00005C44000080411F156944000080414842
:1099DA00F176440000804100D08244000080415C5E
:1099EA00978A4400008041A4D024440000804100AA
:1099FA00005C44000080411FD59244000080415C15
:109A0A00FFC3440000804100000000000000005C29
:109A1A00FF4344000080411FD5924400008041006A
:109A2A0000DC440000804152D024450000804100FF
:109A3A000000000000000000005C44000080414873
:109A4A00F17644000080415C978A44000080411FFF
:109A5A00D592440000804152D0A444000080416461
:109A6A00000307000C0300FF00FFFF48F1764400E3
:109A7A0000C04000005C440000C04048F176440049
:109A8A0000C04000005C440000C04000005C44008C
:109A9A0000004100005C440000004148F1764400A7
:109AAA0000C04000005C440000C04048F176440019
:109ABA0000C04000005C440000C04000005C44005C
:109ACA0000004100005C44000000410484400000A2
:109ADA0001054000000100AC3DE23D233EDE3DDAD7
:109AEA003D010002040507090B0C0E10111315178E
:109AFA00181A1C1D1F2123242628292B2D2F30320A
:109B0A00343537393B0002040507090B0C0E1011D6
:109B1A00131517181A1C1D1F2123242628292B2D3B
:109B2A002F3032343537393B00FFFFE200E900EAD3
:109B3A0000B500B600B700CD008301CC008A0192BF
:109B4A000194012102230224022502260227022A65
:109B5A0002B300B4006F007000818283E200E90062
:109B6A00EA00B500B600B700CD008301CC008A0137
:109B7A0092019401210223022402250226022702CD
:109B8A002A02B300B4006F007000818283C6C3C486
:109B9A00939495600706C1C09730C7F0F1314980A8
:109BAA003F5D8B803FF8BF803FCAE1803F73ED8005
:109BBA003FCAE1803FF8BF803F5D8B803F314980DB
:109BCA003F0000803FF16D7F3F75EA7E3F4C827E09
:109BDA003F833F7E3F84287E3F833F7E3F4C827E89
:109BEA003F75EA7E3FF16D7F3F0000803F4E4F4553
:109BFA004550524F4D00003131295A1B750A1A310E
:109C0A00B731EA31123102030200000100010101F9
:109C1A000101000101406D220C0B9F0A7D0ABE0959
:049C2A00D709F0095D
:00000001FF
