:0200000460009A
:100000004643464200000156000000000103030081
:1000100000000000000000000000000000000000E0
:1000200000000000000000000000000000000000D0
:1000300000000000000000000000000000000000C0
:1000400000000000010408000000000000000000A3
:100050000000800000000000000000000000000020
:100060000000000000000000000000000000000090
:100070000000000000000000000000000000000080
:10008000EB04180A063204260000000000000000FD
:10009000050404240000000000000000000000002F
:1000A0000000000000000000000000000000000050
:1000B0000604000000000000000000000000000036
:1000C0000000000000000000000000000000000030
:1000D00020041808000000000000000000000000DC
:1000E0000000000000000000000000000000000010
:1000F0000000000000000000000000000000000000
:10010000D8041808000000000000000000000000F3
:100110000204180804200000000000000000000095
:1001200000000000000000000000000000000000CF
:10013000600400000000000000000000000000005B
:1001400000000000000000000000000000000000AF
:10015000000000000000000000000000000000009F
:10016000000000000000000000000000000000008F
:10017000000000000000000000000000000000007F
:10018000000000000000000000000000000000006F
:10019000000000000000000000000000000000005F
:1001A000000000000000000000000000000000004F
:1001B000000000000000000000000000000000003F
:1001C000000100000010000001000000000000001D
:1001D000000001000000000000000000000000001E
:1001E000000000000000000000000000000000000F
:1001F00000000000000000000000000000000000FF
:10020000FFFFFFFFFFFFFFFFFFFFFFFFFFFFFFFFFE
:10021000FFFFFFFFFFFFFFFFFFFFFFFFFFFFFFFFEE
:10022000FFFFFFFFFFFFFFFFFFFFFFFFFFFFFFFFDE
:10023000FFFFFFFFFFFFFFFFFFFFFFFFFFFFFFFFCE
:10024000FFFFFFFFFFFFFFFFFFFFFFFFFFFFFFFFBE
:10025000FFFFFFFFFFFFFFFFFFFFFFFFFFFFFFFFAE
:10026000FFFFFFFFFFFFFFFFFFFFFFFFFFFFFFFF9E
:10027000FFFFFFFFFFFFFFFFFFFFFFFFFFFFFFFF8E
:10028000FFFFFFFFFFFFFFFFFFFFFFFFFFFFFFFF7E
:10029000FFFFFFFFFFFFFFFFFFFFFFFFFFFFFFFF6E
:1002A000FFFFFFFFFFFFFFFFFFFFFFFFFFFFFFFF5E
:1002B000FFFFFFFFFFFFFFFFFFFFFFFFFFFFFFFF4E
:1002C000FFFFFFFFFFFFFFFFFFFFFFFFFFFFFFFF3E
:1002D000FFFFFFFFFFFFFFFFFFFFFFFFFFFFFFFF2E
:1002E000FFFFFFFFFFFFFFFFFFFFFFFFFFFFFFFF1E
:1002F000FFFFFFFFFFFFFFFFFFFFFFFFFFFFFFFF0E
:10030000FFFFFFFFFFFFFFFFFFFFFFFFFFFFFFFFFD
:10031000FFFFFFFFFFFFFFFFFFFFFFFFFFFFFFFFED
:10032000FFFFFFFFFFFFFFFFFFFFFFFFFFFFFFFFDD
:10033000FFFFFFFFFFFFFFFFFFFFFFFFFFFFFFFFCD
:10034000FFFFFFFFFFFFFFFFFFFFFFFFFFFFFFFFBD
:10035000FFFFFFFFFFFFFFFFFFFFFFFFFFFFFFFFAD
:10036000FFFFFFFFFFFFFFFFFFFFFFFFFFFFFFFF9D
:10037000FFFFFFFFFFFFFFFFFFFFFFFFFFFFFFFF8D
:10038000FFFFFFFFFFFFFFFFFFFFFFFFFFFFFFFF7D
:10039000FFFFFFFFFFFFFFFFFFFFFFFFFFFFFFFF6D
:1003A000FFFFFFFFFFFFFFFFFFFFFFFFFFFFFFFF5D
:1003B000FFFFFFFFFFFFFFFFFFFFFFFFFFFFFFFF4D
:1003C000FFFFFFFFFFFFFFFFFFFFFFFFFFFFFFFF3D
:1003D000FFFFFFFFFFFFFFFFFFFFFFFFFFFFFFFF2D
:1003E000FFFFFFFFFFFFFFFFFFFFFFFFFFFFFFFF1D
:1003F000FFFFFFFFFFFFFFFFFFFFFFFFFFFFFFFF0D
:10040000FFFFFFFFFFFFFFFFFFFFFFFFFFFFFFFFFC
:10041000FFFFFFFFFFFFFFFFFFFFFFFFFFFFFFFFEC
:10042000FFFFFFFFFFFFFFFFFFFFFFFFFFFFFFFFDC
:10043000FFFFFFFFFFFFFFFFFFFFFFFFFFFFFFFFCC
:10044000FFFFFFFFFFFFFFFFFFFFFFFFFFFFFFFFBC
:10045000FFFFFFFFFFFFFFFFFFFFFFFFFFFFFFFFAC
:10046000FFFFFFFFFFFFFFFFFFFFFFFFFFFFFFFF9C
:10047000FFFFFFFFFFFFFFFFFFFFFFFFFFFFFFFF8C
:10048000FFFFFFFFFFFFFFFFFFFFFFFFFFFFFFFF7C
:10049000FFFFFFFFFFFFFFFFFFFFFFFFFFFFFFFF6C
:1004A000FFFFFFFFFFFFFFFFFFFFFFFFFFFFFFFF5C
:1004B000FFFFFFFFFFFFFFFFFFFFFFFFFFFFFFFF4C
:1004C000FFFFFFFFFFFFFFFFFFFFFFFFFFFFFFFF3C
:1004D000FFFFFFFFFFFFFFFFFFFFFFFFFFFFFFFF2C
:1004E000FFFFFFFFFFFFFFFFFFFFFFFFFFFFFFFF1C
:1004F000FFFFFFFFFFFFFFFFFFFFFFFFFFFFFFFF0C
:10050000FFFFFFFFFFFFFFFFFFFFFFFFFFFFFFFFFB
:10051000FFFFFFFFFFFFFFFFFFFFFFFFFFFFFFFFEB
:10052000FFFFFFFFFFFFFFFFFFFFFFFFFFFFFFFFDB
:10053000FFFFFFFFFFFFFFFFFFFFFFFFFFFFFFFFCB
:10054000FFFFFFFFFFFFFFFFFFFFFFFFFFFFFFFFBB
:10055000FFFFFFFFFFFFFFFFFFFFFFFFFFFFFFFFAB
:10056000FFFFFFFFFFFFFFFFFFFFFFFFFFFFFFFF9B
:10057000FFFFFFFFFFFFFFFFFFFFFFFFFFFFFFFF8B
:10058000FFFFFFFFFFFFFFFFFFFFFFFFFFFFFFFF7B
:10059000FFFFFFFFFFFFFFFFFFFFFFFFFFFFFFFF6B
:1005A000FFFFFFFFFFFFFFFFFFFFFFFFFFFFFFFF5B
:1005B000FFFFFFFFFFFFFFFFFFFFFFFFFFFFFFFF4B
:1005C000FFFFFFFFFFFFFFFFFFFFFFFFFFFFFFFF3B
:1005D000FFFFFFFFFFFFFFFFFFFFFFFFFFFFFFFF2B
:1005E000FFFFFFFFFFFFFFFFFFFFFFFFFFFFFFFF1B
:1005F000FFFFFFFFFFFFFFFFFFFFFFFFFFFFFFFF0B
:10060000FFFFFFFFFFFFFFFFFFFFFFFFFFFFFFFFFA
:10061000FFFFFFFFFFFFFFFFFFFFFFFFFFFFFFFFEA
:10062000FFFFFFFFFFFFFFFFFFFFFFFFFFFFFFFFDA
:10063000FFFFFFFFFFFFFFFFFFFFFFFFFFFFFFFFCA
:10064000FFFFFFFFFFFFFFFFFFFFFFFFFFFFFFFFBA
:10065000FFFFFFFFFFFFFFFFFFFFFFFFFFFFFFFFAA
:10066000FFFFFFFFFFFFFFFFFFFFFFFFFFFFFFFF9A
:10067000FFFFFFFFFFFFFFFFFFFFFFFFFFFFFFFF8A
:10068000FFFFFFFFFFFFFFFFFFFFFFFFFFFFFFFF7A
:10069000FFFFFFFFFFFFFFFFFFFFFFFFFFFFFFFF6A
:1006A000FFFFFFFFFFFFFFFFFFFFFFFFFFFFFFFF5A
:1006B000FFFFFFFFFFFFFFFFFFFFFFFFFFFFFFFF4A
:1006C000FFFFFFFFFFFFFFFFFFFFFFFFFFFFFFFF3A
:1006D000FFFFFFFFFFFFFFFFFFFFFFFFFFFFFFFF2A
:1006E000FFFFFFFFFFFFFFFFFFFFFFFFFFFFFFFF1A
:1006F000FFFFFFFFFFFFFFFFFFFFFFFFFFFFFFFF0A
:10070000FFFFFFFFFFFFFFFFFFFFFFFFFFFFFFFFF9
:10071000FFFFFFFFFFFFFFFFFFFFFFFFFFFFFFFFE9
:10072000FFFFFFFFFFFFFFFFFFFFFFFFFFFFFFFFD9
:10073000FFFFFFFFFFFFFFFFFFFFFFFFFFFFFFFFC9
:10074000FFFFFFFFFFFFFFFFFFFFFFFFFFFFFFFFB9
:10075000FFFFFFFFFFFFFFFFFFFFFFFFFFFFFFFFA9
:10076000FFFFFFFFFFFFFFFFFFFFFFFFFFFFFFFF99
:10077000FFFFFFFFFFFFFFFFFFFFFFFFFFFFFFFF89
:10078000FFFFFFFFFFFFFFFFFFFFFFFFFFFFFFFF79
:10079000FFFFFFFFFFFFFFFFFFFFFFFFFFFFFFFF69
:1007A000FFFFFFFFFFFFFFFFFFFFFFFFFFFFFFFF59
:1007B000FFFFFFFFFFFFFFFFFFFFFFFFFFFFFFFF49
:1007C000FFFFFFFFFFFFFFFFFFFFFFFFFFFFFFFF39
:1007D000FFFFFFFFFFFFFFFFFFFFFFFFFFFFFFFF29
:1007E000FFFFFFFFFFFFFFFFFFFFFFFFFFFFFFFF19
:1007F000FFFFFFFFFFFFFFFFFFFFFFFFFFFFFFFF09
:10080000FFFFFFFFFFFFFFFFFFFFFFFFFFFFFFFFF8
:10081000FFFFFFFFFFFFFFFFFFFFFFFFFFFFFFFFE8
:10082000FFFFFFFFFFFFFFFFFFFFFFFFFFFFFFFFD8
:10083000FFFFFFFFFFFFFFFFFFFFFFFFFFFFFFFFC8
:10084000FFFFFFFFFFFFFFFFFFFFFFFFFFFFFFFFB8
:10085000FFFFFFFFFFFFFFFFFFFFFFFFFFFFFFFFA8
:10086000FFFFFFFFFFFFFFFFFFFFFFFFFFFFFFFF98
:10087000FFFFFFFFFFFFFFFFFFFFFFFFFFFFFFFF88
:10088000FFFFFFFFFFFFFFFFFFFFFFFFFFFFFFFF78
:10089000FFFFFFFFFFFFFFFFFFFFFFFFFFFFFFFF68
:1008A000FFFFFFFFFFFFFFFFFFFFFFFFFFFFFFFF58
:1008B000FFFFFFFFFFFFFFFFFFFFFFFFFFFFFFFF48
:1008C000FFFFFFFFFFFFFFFFFFFFFFFFFFFFFFFF38
:1008D000FFFFFFFFFFFFFFFFFFFFFFFFFFFFFFFF28
:1008E000FFFFFFFFFFFFFFFFFFFFFFFFFFFFFFFF18
:1008F000FFFFFFFFFFFFFFFFFFFFFFFFFFFFFFFF08
:10090000FFFFFFFFFFFFFFFFFFFFFFFFFFFFFFFFF7
:10091000FFFFFFFFFFFFFFFFFFFFFFFFFFFFFFFFE7
:10092000FFFFFFFFFFFFFFFFFFFFFFFFFFFFFFFFD7
:10093000FFFFFFFFFFFFFFFFFFFFFFFFFFFFFFFFC7
:10094000FFFFFFFFFFFFFFFFFFFFFFFFFFFFFFFFB7
:10095000FFFFFFFFFFFFFFFFFFFFFFFFFFFFFFFFA7
:10096000FFFFFFFFFFFFFFFFFFFFFFFFFFFFFFFF97
:10097000FFFFFFFFFFFFFFFFFFFFFFFFFFFFFFFF87
:10098000FFFFFFFFFFFFFFFFFFFFFFFFFFFFFFFF77
:10099000FFFFFFFFFFFFFFFFFFFFFFFFFFFFFFFF67
:1009A000FFFFFFFFFFFFFFFFFFFFFFFFFFFFFFFF57
:1009B000FFFFFFFFFFFFFFFFFFFFFFFFFFFFFFFF47
:1009C000FFFFFFFFFFFFFFFFFFFFFFFFFFFFFFFF37
:1009D000FFFFFFFFFFFFFFFFFFFFFFFFFFFFFFFF27
:1009E000FFFFFFFFFFFFFFFFFFFFFFFFFFFFFFFF17
:1009F000FFFFFFFFFFFFFFFFFFFFFFFFFFFFFFFF07
:100A0000FFFFFFFFFFFFFFFFFFFFFFFFFFFFFFFFF6
:100A1000FFFFFFFFFFFFFFFFFFFFFFFFFFFFFFFFE6
:100A2000FFFFFFFFFFFFFFFFFFFFFFFFFFFFFFFFD6
:100A3000FFFFFFFFFFFFFFFFFFFFFFFFFFFFFFFFC6
:100A4000FFFFFFFFFFFFFFFFFFFFFFFFFFFFFFFFB6
:100A5000FFFFFFFFFFFFFFFFFFFFFFFFFFFFFFFFA6
:100A6000FFFFFFFFFFFFFFFFFFFFFFFFFFFFFFFF96
:100A7000FFFFFFFFFFFFFFFFFFFFFFFFFFFFFFFF86
:100A8000FFFFFFFFFFFFFFFFFFFFFFFFFFFFFFFF76
:100A9000FFFFFFFFFFFFFFFFFFFFFFFFFFFFFFFF66
:100AA000FFFFFFFFFFFFFFFFFFFFFFFFFFFFFFFF56
:100AB000FFFFFFFFFFFFFFFFFFFFFFFFFFFFFFFF46
:100AC000FFFFFFFFFFFFFFFFFFFFFFFFFFFFFFFF36
:100AD000FFFFFFFFFFFFFFFFFFFFFFFFFFFFFFFF26
:100AE000FFFFFFFFFFFFFFFFFFFFFFFFFFFFFFFF16
:100AF000FFFFFFFFFFFFFFFFFFFFFFFFFFFFFFFF06
:100B0000FFFFFFFFFFFFFFFFFFFFFFFFFFFFFFFFF5
:100B1000FFFFFFFFFFFFFFFFFFFFFFFFFFFFFFFFE5
:100B2000FFFFFFFFFFFFFFFFFFFFFFFFFFFFFFFFD5
:100B3000FFFFFFFFFFFFFFFFFFFFFFFFFFFFFFFFC5
:100B4000FFFFFFFFFFFFFFFFFFFFFFFFFFFFFFFFB5
:100B5000FFFFFFFFFFFFFFFFFFFFFFFFFFFFFFFFA5
:100B6000FFFFFFFFFFFFFFFFFFFFFFFFFFFFFFFF95
:100B7000FFFFFFFFFFFFFFFFFFFFFFFFFFFFFFFF85
:100B8000FFFFFFFFFFFFFFFFFFFFFFFFFFFFFFFF75
:100B9000FFFFFFFFFFFFFFFFFFFFFFFFFFFFFFFF65
:100BA000FFFFFFFFFFFFFFFFFFFFFFFFFFFFFFFF55
:100BB000FFFFFFFFFFFFFFFFFFFFFFFFFFFFFFFF45
:100BC000FFFFFFFFFFFFFFFFFFFFFFFFFFFFFFFF35
:100BD000FFFFFFFFFFFFFFFFFFFFFFFFFFFFFFFF25
:100BE000FFFFFFFFFFFFFFFFFFFFFFFFFFFFFFFF15
:100BF000FFFFFFFFFFFFFFFFFFFFFFFFFFFFFFFF05
:100C0000FFFFFFFFFFFFFFFFFFFFFFFFFFFFFFFFF4
:100C1000FFFFFFFFFFFFFFFFFFFFFFFFFFFFFFFFE4
:100C2000FFFFFFFFFFFFFFFFFFFFFFFFFFFFFFFFD4
:100C3000FFFFFFFFFFFFFFFFFFFFFFFFFFFFFFFFC4
:100C4000FFFFFFFFFFFFFFFFFFFFFFFFFFFFFFFFB4
:100C5000FFFFFFFFFFFFFFFFFFFFFFFFFFFFFFFFA4
:100C6000FFFFFFFFFFFFFFFFFFFFFFFFFFFFFFFF94
:100C7000FFFFFFFFFFFFFFFFFFFFFFFFFFFFFFFF84
:100C8000FFFFFFFFFFFFFFFFFFFFFFFFFFFFFFFF74
:100C9000FFFFFFFFFFFFFFFFFFFFFFFFFFFFFFFF64
:100CA000FFFFFFFFFFFFFFFFFFFFFFFFFFFFFFFF54
:100CB000FFFFFFFFFFFFFFFFFFFFFFFFFFFFFFFF44
:100CC000FFFFFFFFFFFFFFFFFFFFFFFFFFFFFFFF34
:100CD000FFFFFFFFFFFFFFFFFFFFFFFFFFFFFFFF24
:100CE000FFFFFFFFFFFFFFFFFFFFFFFFFFFFFFFF14
:100CF000FFFFFFFFFFFFFFFFFFFFFFFFFFFFFFFF04
:100D0000FFFFFFFFFFFFFFFFFFFFFFFFFFFFFFFFF3
:100D1000FFFFFFFFFFFFFFFFFFFFFFFFFFFFFFFFE3
:100D2000FFFFFFFFFFFFFFFFFFFFFFFFFFFFFFFFD3
:100D3000FFFFFFFFFFFFFFFFFFFFFFFFFFFFFFFFC3
:100D4000FFFFFFFFFFFFFFFFFFFFFFFFFFFFFFFFB3
:100D5000FFFFFFFFFFFFFFFFFFFFFFFFFFFFFFFFA3
:100D6000FFFFFFFFFFFFFFFFFFFFFFFFFFFFFFFF93
:100D7000FFFFFFFFFFFFFFFFFFFFFFFFFFFFFFFF83
:100D8000FFFFFFFFFFFFFFFFFFFFFFFFFFFFFFFF73
:100D9000FFFFFFFFFFFFFFFFFFFFFFFFFFFFFFFF63
:100DA000FFFFFFFFFFFFFFFFFFFFFFFFFFFFFFFF53
:100DB000FFFFFFFFFFFFFFFFFFFFFFFFFFFFFFFF43
:100DC000FFFFFFFFFFFFFFFFFFFFFFFFFFFFFFFF33
:100DD000FFFFFFFFFFFFFFFFFFFFFFFFFFFFFFFF23
:100DE000FFFFFFFFFFFFFFFFFFFFFFFFFFFFFFFF13
:100DF000FFFFFFFFFFFFFFFFFFFFFFFFFFFFFFFF03
:100E0000FFFFFFFFFFFFFFFFFFFFFFFFFFFFFFFFF2
:100E1000FFFFFFFFFFFFFFFFFFFFFFFFFFFFFFFFE2
:100E2000FFFFFFFFFFFFFFFFFFFFFFFFFFFFFFFFD2
:100E3000FFFFFFFFFFFFFFFFFFFFFFFFFFFFFFFFC2
:100E4000FFFFFFFFFFFFFFFFFFFFFFFFFFFFFFFFB2
:100E5000FFFFFFFFFFFFFFFFFFFFFFFFFFFFFFFFA2
:100E6000FFFFFFFFFFFFFFFFFFFFFFFFFFFFFFFF92
:100E7000FFFFFFFFFFFFFFFFFFFFFFFFFFFFFFFF82
:100E8000FFFFFFFFFFFFFFFFFFFFFFFFFFFFFFFF72
:100E9000FFFFFFFFFFFFFFFFFFFFFFFFFFFFFFFF62
:100EA000FFFFFFFFFFFFFFFFFFFFFFFFFFFFFFFF52
:100EB000FFFFFFFFFFFFFFFFFFFFFFFFFFFFFFFF42
:100EC000FFFFFFFFFFFFFFFFFFFFFFFFFFFFFFFF32
:100ED000FFFFFFFFFFFFFFFFFFFFFFFFFFFFFFFF22
:100EE000FFFFFFFFFFFFFFFFFFFFFFFFFFFFFFFF12
:100EF000FFFFFFFFFFFFFFFFFFFFFFFFFFFFFFFF02
:100F0000FFFFFFFFFFFFFFFFFFFFFFFFFFFFFFFFF1
:100F1000FFFFFFFFFFFFFFFFFFFFFFFFFFFFFFFFE1
:100F2000FFFFFFFFFFFFFFFFFFFFFFFFFFFFFFFFD1
:100F3000FFFFFFFFFFFFFFFFFFFFFFFFFFFFFFFFC1
:100F4000FFFFFFFFFFFFFFFFFFFFFFFFFFFFFFFFB1
:100F5000FFFFFFFFFFFFFFFFFFFFFFFFFFFFFFFFA1
:100F6000FFFFFFFFFFFFFFFFFFFFFFFFFFFFFFFF91
:100F7000FFFFFFFFFFFFFFFFFFFFFFFFFFFFFFFF81
:100F8000FFFFFFFFFFFFFFFFFFFFFFFFFFFFFFFF71
:100F9000FFFFFFFFFFFFFFFFFFFFFFFFFFFFFFFF61
:100FA000FFFFFFFFFFFFFFFFFFFFFFFFFFFFFFFF51
:100FB000FFFFFFFFFFFFFFFFFFFFFFFFFFFFFFFF41
:100FC000FFFFFFFFFFFFFFFFFFFFFFFFFFFFFFFF31
:100FD000FFFFFFFFFFFFFFFFFFFFFFFFFFFFFFFF21
:100FE000FFFFFFFFFFFFFFFFFFFFFFFFFFFFFFFF11
:100FF000FFFFFFFFFFFFFFFFFFFFFFFFFFFFFFFF01
:10100000D100204000180060000000000000000037
:1010100020100060001000600000000000000000D0
:0C1020000000006000001F000000000045
:10102C00FFFFFFFFFFFFFFFFFFFFFFFF7EFFFFFF45
:1014000000040020E9180060EB180060EB18006091
:10141000EB180060EB180060EB180060EB18006040
:10142000EB180060EB180060EB180060BF6D006007
:10143000EB180060EB180060EB1800607181006031
:10144000EB180060EB180060EB180060EB18006010
:10145000EB180060EB180060EB180060EB18006000
:10146000EB180060EB180060EB180060EB180060F0
:10147000EB180060EB180060EB180060EB180060E0
:10148000EB180060EB180060EB180060EB180060D0
:10149000EB180060EB180060EB180060EB180060C0
:1014A000EB180060EB180060EB180060EB180060B0
:1014B000EB180060EB180060EB180060EB180060A0
:1014C000EB180060EB180060EB180060EB18006090
:1014D000EB180060EB180060EB180060EB18006080
:1014E000EB180060EB180060EB180060EB18006070
:1014F000EB180060EB180060EB180060EB18006060
:10150000EB180060EB180060EB180060EB1800604F
:10151000EB180060EB180060EB180060EB1800603F
:10152000EB180060EB180060EB180060EB1800602F
:10153000EB180060EB180060EB180060EB1800601F
:10154000EB180060EB180060EB180060EB1800600F
:10155000EB180060EB180060EB180060EB180060FF
:10156000EB180060EB180060EB180060EB180060EF
:10157000EB180060EB180060EB180060EB180060DF
:10158000EB180060EB180060EB180060EB180060CF
:10159000EB180060EB180060EB180060EB180060BF
:1015A000EB180060EB180060EB180060EB180060AF
:1015B000EB180060EB180060EB180060EB1800609F
:1015C000EB180060EB180060EB180060EB1800608F
:1015D000EB180060EB180060EB180060EB1800607F
:1015E000EB180060EB180060EB180060EB1800606F
:1015F000EB180060EB180060EB180060EB1800605F
:10160000EB18006059830060EB180060EB18006075
:10161000EB180060EB180060EB180060EB1800603E
:10162000EB180060EB180060EB180060EB1800602E
:10163000EB180060EB180060EB180060EB1800601E
:10164000EB180060EB180060EB180060EB1800600E
:10165000EB180060EB180060EB180060EB180060FE
:10166000EB180060EB180060EB180060EB180060EE
:10167000EB180060EB180060EB180060EB180060DE
:10168000EB180060EB180060EB180060EB180060CE
:10169000EB180060EB180060EB180060EB180060BE
:1016A000EB180060EB180060EB180060EB180060AE
:1016B000EB180060EB180060EB180060EB1800609E
:1016C000000000000000000000000000000000001A
:1016D000000000000000000000000000000000000A
:1016E00000000000000000000000000000000000FA
:1016F00000000000000000000000000000000000EA
:1017000000000000000000000000000000000000D9
:1017100000000000000000000000000000000000C9
:1017200000000000000000000000000000000000B9
:1017300000000000000000000000000000000000A9
:101740000000000000000000000000000000000099
:101750000000000000000000000000000000000089
:101760000000000000000000000000000000000079
:101770000000000000000000000000000000000069
:101780000000000000000000000000000000000059
:101790000000000000000000000000000000000049
:1017A0000000000000000000000000000000000039
:1017B0000000000000000000000000000000000029
:1017C0000000000000000000000000000000000019
:1017D0000000000000000000000000000000000009
:1017E00000000000000000000000000000000000F9
:1017F00000000000000000000000000000000000E9
:0818000000102020BD7C0060F7
:1018100072B6274880F30888264880F3098826484E
:101820004EF60851CEF200010860022080F31488C1
:10183000BFF36F8F05F07AF804F0B9FF4FF0553021
:101840001E491B4A91423CBF41F8040BFAE71C4970
:10185000184A91423CBF41F8040BFAE719491A4A69
:101860001A4B9A423EBF51F8040B42F8040BF8E7BA
:1018700000201749174A91423CBF41F8040BFAE790
:1018800005F092F805F024FE134C144DAC4203DA37
:1018900054F8041B8847F9E703F06EFD104C114D16
:1018A000AC4203DA54F8041B8847F9E705F07AB82C
:1018B00000040020000C0020001400600000002044
:1018C00000040020BC9D0060000C0020400D0020A2
:1018D00000100020FC22002008180060081800609A
:1018E000081800600818006092E700F000F8FEE7B2
:1018F0002DE9F04FC1F80CD0D0F80CD0BDE8F08F36
:10190000002383F311882846A047002005F02EFA13
:10191000FEE705F0C7F900DFFEE7000053B94AB95A
:10192000002908BF00281CBF4FF0FF314FF0FF30E7
:1019300000F06CB9ADF1080C6DE904CE00F006F8CA
:10194000DDF804E0DDE9022304B070472DE9F0473B
:10195000089E0D4604468E46002B40F082808A4247
:10196000174646D9B2FA82F24AB1C2F1200105FA0D
:1019700002F320FA01F1974041EA030E94404FEA46
:101980001748230CBEFBF8FCB9B208FB1CEE43EA77
:101990000E430CFB01F098420AD9FB180CF1FF35FD
:1019A00080F01681984240F21381ACF1020C3B4466
:1019B0001B1AA4B2B3FBF8F008FB103344EA03444B
:1019C00000FB01F1A14209D93C1900F1FF3380F07D
:1019D0000181A14240F2FE8002383C44641A40EA90
:1019E0000C4000211EB1D4400023C6E90043BDE8ED
:1019F000F08702B9FFDEB2FA82F2002A4FD1CB1B88
:101A00004FEA174E1FFA87F80121B3FBFEFC250CA5
:101A10000EFB1C3345EA034508FB0CF3AB4207D928
:101A20007D190CF1FF3002D2AB4200F2E780844610
:101A3000ED1AA3B2B5FBFEF00EFB105543EA0544C8
:101A400008FB00F8A04507D93C1900F1FF3302D28A
:101A5000A04500F2D7801846A4EB080440EA0C40E9
:101A6000C0E78B4208D9002E00F0AF800021C6E904
:101A700000050846BDE8F087B3FA83F100294BD191
:101A8000AB4202D3824200F2B780841A65EB0303B3
:101A900001209E46002EAAD0C6E9004EA7E7C2F15B
:101AA000200C01FA02F3974020FA0CF04FEA174E8F
:101AB00021FA0CFC1843BCFBFEF1050C0EFB11CC0B
:101AC0001FFA87F845EA0C4501FB08F3AB4204FA1C
:101AD00002F409D97D1901F1FF3C80F08B80AB4203
:101AE00040F2888002393D44EB1A85B2B3FBFEF028
:101AF0000EFB103345EA034500FB08F3AB4207D960
:101B00007D1900F1FF3C71D2AB426FD902383D44E0
:101B1000EB1A40EA014178E7C1F1200C8B4022FA30
:101B20000CF71F4320FA0CF405FA01F34FEA174EA5
:101B300025FA0CF51C43230CB5FBFEF91FFA87F8B8
:101B40000EFB195543EA054509FB08FAAA4502FAB6
:101B500001F200FA01F308D97D1909F1FF3047D2EB
:101B6000AA4545D9A9F102093D44A5EB0A05A4B24D
:101B7000B5FBFEF00EFB105544EA054400FB08F8E7
:101B8000A04507D93C1900F1FF352DD2A0452BD92E
:101B900002383C4440EA0940A4EB0804A0FB028957
:101BA0004C45C6464D4619D316D05EB1B3EB0E0276
:101BB00064EB050404FA0CFCCA404CEA0202CC4077
:101BC000C6E900240021BDE8F087314630460EE723
:101BD000AC46EDE6184601E74345E6D2B8EB020E07
:101BE00069EB07050138E0E72846D3E760468FE751
:101BF0008146BAE7614677E708464BE7ACF1020C4D
:101C00003D4415E702383C4426E700BF704700BF5B
:101C100008B5062000F046FE012005F087FC00BF55
:101C200000B50A4C2668054685B01C46F06852B1DE
:101C3000074B0091CDE9013206492B46224600F0C0
:101C400021F8FFF7E5FF044B1A46F2E7000C0020ED
:101C5000389D0060489D0060449D006008B51346B3
:101C60000022FFF7DDFF00BF0CB400B583B004AB6A
:101C700053F8042B019300F03FFA03B05DF804EB36
:101C800002B070470EB410B583B005AB064C53F8E4
:101C9000042B01930146206800F02EFA03B0BDE842
:101CA000104003B0704700BF000C0020024B0146FB
:101CB000186800F07BB900BF000C0020024B014601
:101CC000186800F01DB900BF000C0020032A70B492
:101CD00012D940EA0105AD0704460B4620D119464A
:101CE000204653F8045B54F8046BAE4218D1043A12
:101CF000032A20461946F2D8541E72B103780A7896
:101D00009A4208BF241806D00CE010F8013F11F8E1
:101D1000012F934206D1A042F7D1002070BC70473A
:101D2000541EEBE7981A70BC704700BF844641EA26
:101D3000000313F003036DD1403A41D351F8043B43
:101D400040F8043B51F8043B40F8043B51F8043B95
:101D500040F8043B51F8043B40F8043B51F8043B85
:101D600040F8043B51F8043B40F8043B51F8043B75
:101D700040F8043B51F8043B40F8043B51F8043B65
:101D800040F8043B51F8043B40F8043B51F8043B55
:101D900040F8043B51F8043B40F8043B51F8043B45
:101DA00040F8043B51F8043B40F8043B51F8043B35
:101DB00040F8043B51F8043B40F8043B403ABDD2A4
:101DC000303211D351F8043B40F8043B51F8043B46
:101DD00040F8043B51F8043B40F8043B51F8043B05
:101DE00040F8043B103AEDD20C3205D351F8043BD5
:101DF00040F8043B043AF9D2043208D0D2071CBFA1
:101E000011F8013B00F8013B01D30B8803806046C9
:101E1000704700BF082A13D38B078DD010F003033F
:101E20008AD0C3F10403D21ADB071CBF11F8013BAF
:101E300000F8013B80D331F8023B20F8023B7BE7FE
:101E4000043AD9D3013A11F8013B00F8013BF9D229
:101E50000B7803704B7843708B78837060467047C3
:101E6000F0B4860746D0541E002A3CD0CAB20346BE
:101E700002E014F1FF3436D303F8012B9D07F8D1AB
:101E8000032C29D9CDB245EA05250F2C45EA054595
:101E900033D9A4F11006360903F1200707EB061722
:101EA00003F1100242E9045542E902551032BA42E8
:101EB000F8D1721C14F00C0F03EB021204F00F06A1
:101EC00013D0331F23F003030433134442F8045B9D
:101ED0009342FBD106F003042CB1C9B21C4403F8B1
:101EE000011B9C42FBD1F0BC704734461346002CCA
:101EF000F3D1F8E714460346C2E71A462646E0E760
:101F000000293CD038B551F8043C0C1F002BB8BF59
:101F1000E418054601F0C4FA234B1A682AB1A2421C
:101F20000DD921686018824223D0626028461C6067
:101F3000BDE8384001F0B6BAA34203D81A46536848
:101F4000002BF9D111685018A04219D024D821686B
:101F50006018834206D0636054602846BDE838406C
:101F600001F0A0BAD3E9000301446360216054602A
:101F7000F3E7D2E90002014462602160D6E77047CE
:101F800020680144501883421160E6D1D3E9000370
:101F9000014453601160E0E70C232B602846BDE844
:101FA000384001F07FBA00BF00100020F8B5CD1C0A
:101FB00025F0030508350C2D38BF0C25002D0646ED
:101FC00033DBA94231D82A4F01F06AFA3A6852B19C
:101FD00013685B1B04D43FE023685B1B29D52246B2
:101FE0005468002CF8D1796800293BD02946304646
:101FF00005F081FA431C28D0C41C24F00304A0423D
:1020000005D0211A304605F076FA01301DD0256042
:10201000304601F047FA04F10B0020F00700231DC1
:10202000C21A01D01B1AA350F8BD0C223260002046
:10203000F8BD0B2B05D8A242636811D05360E7E7C7
:10204000144623601C442560E2E70C2330463360CD
:1020500001F028FA0020F8BD0B2BF1D85368144684
:102060003B60D5E7304605F046FA7860BEE700BF32
:10207000001000209368013B002B93600FDA10B42E
:102080009469A34208DB0A2906D01368581C106023
:102090001970084610BC704710BC00F03BBC1368B8
:1020A000581C106019700846704700BF9BB1F8B506
:1020B00013440F4606465D1E541E01E0AC4208D094
:1020C0003A4614F8011F3046FFF7D4FF431CF5D100
:1020D000F8BD0020F8BD0020704700BF936810B520
:1020E000144613B95360184610BD00F0D3FE002308
:1020F000C4E9013310BD00BF2DE9F04F9FB08B46FE
:1021000090461C46039018B18369002B00F0B780FD
:10211000A24B9B4500F0B980A14B9B4500F0C780C6
:10212000A04B9B4504BF039BD3F80CB0BBF80C300D
:10213000180740F1B280DBF81030002B00F0AD80C2
:1021400030238DF8323098F8003005940021202299
:102150000B918DF83120944E0127002B00F08780E1
:10216000252B00F01581454603E0252B00F0A380C8
:1021700025466B786C1C002BF7D1B4EB080A76D09F
:102180004246534659460398FFF790FF01306ED000
:102190000B9B6A7853440B93002A68D000234FF0BE
:1021A000FF3201340693CDE908338DF85B301C9380
:1021B000079205E0069A07FA03F313432C460693A9
:1021C0002546052215F8011B304601F0B1F8AA4654
:1021D000831B0028EED1069BD90644BF20228DF830
:1021E0005B2021781A0744BF2B228DF85B202A2917
:1021F00066D1059A1168043200290592C0F29D80CB
:1022000009916178A51C2E2973D0684C03222046C1
:1022100001F08EF8002800F08680001B069B402409
:1022200004FA00F00343069305F101082978604899
:102230008DF83010062201F07BF8002800F0838032
:102240005C4B002B72D005AB00935A465A4B039857
:1022500006A9AFF300808146B9F1FF3F07D00B9B81
:102260004B440B9398F80030002B7FF479AFBBF808
:102270000C305B0618D40B981FB0BDE8F08F00F04F
:10228000E9FD464B9B457FF447AF039BD3F804B071
:10229000BBF80C3018073FF54EAF5946039800F0D5
:1022A00099FB00283FF44CAF4FF0FF30E4E7039B6D
:1022B000D3F808B03AE7B4EB080A3FF46FAF5FE732
:1022C000A1F13002092A88BFA2469CD8099B01E0EF
:1022D0002C460135297803EB830302EB4303A1F17C
:1022E0003002092AAA46F3D92E2904F102050993DE
:1022F0008BD19AF801102A292FD1059B9AF8021048
:102300001A6807920433002A05930AF103050AF1BB
:10231000020338DB254C032220469A4601F008F8D8
:1023200000287FF47AAFA84655467FE7059B073320
:1023300023F007030833059391E7494243F0020372
:10234000099106935DE705AB00935A461A4B039833
:1023500006A900F0D5F881467EE7A1F130020023FE
:10236000092A079301D915E05546697803EB8303E1
:1023700002EB4303A1F13002092A05F1010AF3D966
:102380000235079341E74FF0FF329A4607923CE748
:10239000444603E7AA46013537E700BF809700604F
:1023A0006097006040970060789D0060809D0060AD
:1023B000849D006000000000AD20006010B4044C5B
:1023C00013460A460146206810BCFFF795BE00BFC1
:1023D000000C00202DE9F0470C4691460A698968F7
:1023E000DDF820808A42B8BF0A46C9F8002094F878
:1023F000431006461F4611B10132C9F80020236878
:1024000099065CD5D9F800200232C9F8002023686B
:1024100013F0060F19461DD1E1688A1A002AD8BFA9
:10242000194617DD04F1190A002505E0E368D9F81B
:1024300000209B1AAB420CDD012352463946304640
:10244000C047013005F10105F0D14FF0FF30BDE884
:10245000F087216894F84330003318BF01238A06BF
:102460000AD5E1185A1C302081F84300224494F820
:10247000451082F84310023304F1430239463046D6
:10248000C0470130E1D02368A268216903F0060348
:10249000042B1DD08A4226DD4FF00009521A9144C8
:1024A0001A34002501E04D451DDA01232246394644
:1024B0003046C047013005F10105F4D1C5E713F0FE
:1024C000060F13D094F84330003318BF0123D3E72D
:1024D000D9F80000E3688A42A3EB000323EAE3791A
:1024E000DCDC002BDCDC0020BDE8F087E168D9F8FB
:1024F00000208A1A002AD8BF194693DCAAE700BF39
:102500002DE9F0430C46097E85B06E290646174634
:102510000C98984604F1430E6DD039D9732900F018
:10252000F68044D9752900F00481782940F01181A2
:1025300078232268DFF858C284F845300168150610
:1025400051F8043B016040F1A180D10744BF42F043
:1025500020022260002B00F093801022002184F8DA
:1025600043106068A0600028C0F2C880216821F094
:1025700004012160002B40F0A380002840F0C080BF
:102580007546082A00F0AC80AEEB0503236141E0FC
:10259000632900F0E5801AD8002938D0582940F086
:1025A000D88084F845102268DFF8E8C1C6E76F29B3
:1025B00000F0BF80702940F0CC802268DFF8D0C1E5
:1025C00042F020027823226084F84530B6E764297F
:1025D00002D0692940F0BD8022680368110603F12A
:1025E000040557D5196805600B46002959DBDFF84B
:1025F000A4C10A22B5E70368226861691D1D056050
:1026000015061B6802D4500600F1BD801960002336
:1026100075462361CDF800803B4603AA214630462B
:10262000FFF7D8FE013020D02A46236939463046CC
:10263000C047013019D022680398E368920719D582
:102640001A1A002A16DD04F11909002504E0E368CE
:1026500003981A1AAA420DDD01234A46394630462C
:10266000C047013005F10105F1D14FF0FF3005B051
:10267000BDE8F0839842B8BF184605B0BDE8F083C6
:10268000226822F020022260102267E7500648BF2D
:102690009BB25AE75106A5D5B3F90030056019463B
:1026A000A3E76168A1602D200029C3F1000384F82D
:1026B000430002DB22F004022260DFF8D8C00A22C5
:1026C000754600E00B46B3FBF2F102FB113093427A
:1026D0001CF8000005F8010DF4D2082A7FF454AF6D
:1026E0002368DB077FF550AF626823699A423FF7A2
:1026F0004BAF302305F8013C013D45E7002BDFD10E
:102700009CF8003084F8423004F1420539E7036850
:102710006268191D01601D680021284600F008FE4E
:10272000002832D0401B60602061002384F84330D1
:1027300070E72268036812F0800F03F104051AD0D5
:102740001B6805606F290CBF08220A22DFF844C00D
:1027500004E7012384F84210236104F14205E4E711
:1027600003681A68191D0123016004F1420584F809
:1027700042202361D9E712F0400F0DBF1B680560AE
:102780001B880560DEE7198041E76068CCE700BF81
:10279000A09D00608C9D006010B580210446FFF76D
:1027A00005FC606440B1031F00227C3043F8042F15
:1027B0008342FBD1002010BD4FF0FF3010BD00BFA1
:1027C000436C0BB100207047E6E700BF1F2970B5CE
:1027D000054608D8436C16460C464BB153F8240006
:1027E00043F8246070BD162202604FF0FF3070BDC8
:1027F000FFF7D2FF08B96B6CF0E74FF0FF3070BD08
:102800001F2938B521D8426C05460C466AB152F8EA
:10281000213053B1012B16D0591C10D00025204671
:1028200042F824509847284638BD284600F070F8F2
:10283000224601462846BDE8384000F055B8162328
:102840000360012038BD002038BD162303604FF01F
:10285000FF3038BD1F2921D838B5436C05460C46DA
:1028600083B153F8242003EB84034AB1511C10D0E8
:10287000012A0CD0002520461D609047284638BD0F
:10288000012038BDFFF788FF28B96B6CE9E703200A
:1028900038BD022038BD4FF0FF3038BD4FF0FF305B
:1028A000704700BF024B01461868FFF7A9BF00BF81
:1028B000000C0020024B0A4601461868FFF786BF4D
:1028C000000C0020034B1868436C0BB100207047CC
:1028D00062E700BF000C0020024B01461868FFF7BA
:1028E000B9BF00BF000C002038B50B46074C0546A9
:1028F000114618460023236004F020FE431C00D03C
:1029000038BD2368002BFBD02B6038BDF822002097
:1029100004F017BEF8B50D461446064608B18369A3
:1029200043B3254B9C422AD0244B9C4229D0244BB4
:102930009C4208BFF468A389A269A2601A0722D545
:10294000236903B322686169D31AEDB299422F4615
:1029500029DD0133A168501C0139A1602060157088
:1029600062699A4216D0A389DB0701D50A2D11D0DE
:102970003846F8BD00F06EFA0F4B9C42D4D1746813
:10298000D9E7B468D7E72146304600F023F838B9D4
:102990002369D7E72146304600F032F90028E7D016
:1029A0004FF0FF37E4E72146304600F029F90028D0
:1029B000F6D122680123CDE7809700606097006020
:1029C00040970060024B0A4601461868FFF7A2BF15
:1029D000000C00203B4B70B51D6806460C460DB13F
:1029E000AB69DBB1384B9C421ED0384B9C424AD07D
:1029F000374B9C4208BFEC68B4F90C2093B219071E
:102A000018D5206908B313F001022CD063690022A5
:102A10005B42A361A26060B3002070BD284600F055
:102A200019FA294B9C42E0D16C68B4F90C2093B29E
:102A30001907E6D4DD063CD5580726D4206942F0B4
:102A40000803A3819BB20028DDD103F42072B2F504
:102A5000007FD8D03046214600F01EFCA3892069B3
:102A600013F00102D2D1990758BF6269A260002811
:102A7000D2D1B4F90C301A06CFD543F04003A3816C
:102A80004FF0FF3070BDAC68B6E7616B51B104F137
:102A90004403994204D03046FFF732FAB4F90C20CF
:102AA0000023636300232069636022F02402206016
:102AB000C5E742F04002092333604FF0FF30A281A6
:102AC00070BD00BF000C0020809700606097006020
:102AD000409700608B891A072DE9F0410C4680462B
:102AE00041D44A68002A59DDE66A002E53D00022FC
:102AF000D8F80050216AC8F8002013F4805251D150
:102B000001234046B047431C5FD0A389E66A216A8F
:102B10005F0705D56268636B801A0BB1236CC01A1E
:102B2000024600234046B047461C45D1D8F8003045
:102B3000B4F90C20002B55D01D2B01D0162B5AD1E7
:102B400023690022C4E90032616BC8F8005011B358
:102B500004F14403994202D04046FFF7D1F9002026
:102B60006063BDE8F0810E69AEB10D680E60990733
:102B70000CBF63690023AD1BA3600AE02B463246FD
:102B8000A76A216A4046B8470028A5EB000506441D
:102B90000ADD002DF2DC0020BDE8F0810A6C002A7D
:102BA000A2DCF8E7606DB3E7A38943F04003A3819B
:102BB0004FF0FF30BDE8F0812269A3892260002236
:102BC0006260DA04C0D56065BEE7D8F80030002B3B
:102BD0009BD01D2B0CD0162B0AD0A38943F04003A9
:102BE000A381D9E72169C4E90013D304ACD5EAE78E
:102BF000C8F80050CFE742F04002A281CCE700BF06
:102C00000B6923B310B5044682B008B18369BBB128
:102C1000104B994212D0104B994216D00F4B99424B
:102C200008BFE168B1F90C302BB1204602B0BDE815
:102C30001040FFF74FBF002002B010BD6168F1E700
:102C4000019100F007F90199E2E7A168EAE70020A5
:102C5000704700BF809700606097006040970060F9
:102C600020B1054B01461868FFF7CABF034B044962
:102C7000186800F0B9BA00BF000C00203C97006053
:102C8000012C006000207047014900F0ADBA00BF80
:102C9000012C00600020704770B54A1E682505FBB6
:102CA00002F50E4605F17401FFF780F9044640B1C4
:102CB00000210C30666005F168022160A060FFF71A
:102CC000CFF8204670BD00BF1E4B70B51D68AB69C4
:102CD000064643B34835D5E90134013B05D51EE02E
:102CE000013B5A1C04F1680419D0B4F90C20002AE5
:102CF000F6D10025144B6566C4E90055A560C4E90A
:102D00000455A5612946E360082204F15C00FFF741
:102D1000A7F8C4E90D55C4E91255204670BD2C68CA
:102D20002CB12546D7E7284600F010F8D2E7042159
:102D30003046FFF7B1FF044628600028F1D10C238C
:102D40003360EAE73C9700600100FFFF2DE9F84F90
:102D5000334B34491A68816290424FF00003C0E956
:102D60001233036504BF012383610546FFF7ACFFFF
:102D700068602846FFF7A8FFA8602846FFF7A4FF71
:102D80006E68E86000240423F3607466C6E90044BA
:102D9000B460C6E90444B461214606F15C0008222F
:102DA000FFF75EF8DFF888B0AF68DFF888A0DFF8DB
:102DB0008890DFF888801C4BC6F83080C6E9086B25
:102DC000C6E90AA92146FB6008227C66C7E90044DF
:102DD000BC60C7E90444BC6107F15C00FFF740F840
:102DE000EE68124BC7F83080C7E9087BC7E90AA92B
:102DF0002146F3607466C6E90044B460C6E9044441
:102E0000B46106F15C000822FFF72AF80123C6E945
:102E1000086BC6E90AA9C6F83080AB61BDE8F88F37
:102E20003C970060892C006009000100120002003C
:102E3000F53400601D3500605D3500607D35006053
:102E4000024B0349186800F0CFB900BF3C970060FF
:102E5000012C0060836903B978E77047704700BFB1
:102E6000704700BF704700BF704700BF024B034967
:102E7000186800F093B900BF000C0020852C00609A
:102E8000024B0349186800F089B900BF000C00200C
:102E9000952C00609368002B00F002812DE9F04F23
:102EA000B1F90C309BB20C46190783B082469046AC
:102EB00035D522699AB313F00202D8F800603DD0EC
:102EC0000027D4F828B0D4F820C0DFF8CC923D46D3
:102ED0004D452B463A4628BF4B4661465046D5B134
:102EE000D847002840F3D280D8F808301B1A07448E
:102EF0002D1AC8F80830002B00F0B780D4F820C095
:102F0000D4F828B04D452B463A4628BF4B4661467B
:102F10005046002DE4D1D6E900750836D8E72146A1
:102F20005046FFF757FD002840F03081B4F90C30CF
:102F3000D8F800609BB213F00202C1D113F001096E
:102F400040F0B080A76820684D46002D54D09A0507
:102F500040F1BC80AF42BB4600F2E78013F4906FB3
:102F60002FD0D4E9041707EB4707A0EB010B07EBC1
:102F7000D777681C7F105844B8423A4684BF07464A
:102F80003A465B0540F1E98011465046FFF70EF8DE
:102F9000002800F0F5805A4621690190FEF7C6FE30
:102FA000A289019B22F4906242F08002A281A7EBE9
:102FB0000B0203EB0B00676123612060A2602F46C8
:102FC000AB465A46494600F003FAA2682368D21B72
:102FD0005B442F46A26023600025D8F80830DB1B35
:102FE000B944C8F80830002B3FD0B4F90C30A768BA
:102FF00020689BB2002DAAD1D6E900950836A4E737
:103000000BF1080353E902679B460833002FF9D000
:103010003A460A21304600F08BF9002853D001309F
:10302000A0EB06094B46D4E904122068BB4228BF36
:103030003B46884203D9A5681544AB4219DC9A4245
:103040007DDC1346A56A216A32465046A847051E14
:103050001CDDB9EB05096BD00120D8F808305B1BEB
:103060002E447F1BC8F8083013BB002003B0BDE816
:10307000F08F31462A4600F0ABF923682B442360D9
:1030800021465046FFF7BCFD0028E2D0B4F90C30D1
:1030900043F040034FF0FF30A38103B0BDE8F08F51
:1030A0000020704733469146104617464E469B46D1
:1030B000002FA5D00028B5D13A460A21304600F0AD
:1030C00037F90028ABD17B1C9946ACE723698342D2
:1030D00015D36169A94212D82E4BA76A9D4294BFAD
:1030E0002B466FF000434A4693FBF1F3504601FB39
:1030F00003F3216AB847071EC8DDED1B6DE7AF4239
:1031000028BF2F463A46494600F062F9A368226874
:10311000DB1B3A44A3602260002BEED121465046CF
:10312000FFF76EFD0028E8D0B0E72F46AB4648E732
:1031300021465046FFF764FD00288ED0A6E71A46C8
:103140003146019300F044F9019BA1682268C91A35
:103150001A44A16022601D467BE7504600F0A4F9A6
:10316000034600287FF423AF21695046FEF7C8FECE
:10317000B4F90C300C2223F08003CAF8002087E752
:103180000C23CAF80030B4F90C3081E74FF0FF305F
:103190006CE700BFFEFFFF7F00FCFF7F2DE9F041E1
:1031A00010F148071BD088460026D7E90154013D9D
:1031B0000FD4A389012B05F1FF3506D9B4F90E30E0
:1031C0000133204601D0C04706436B1C04F168045C
:1031D000EFD13F68002FE8D13046BDE8F0813E4690
:1031E0003046BDE8F08100BF2DE9F84310F14807F3
:1031F0001FD0884606464FF00009D7E90154013D2B
:1032000011D4A389012B05F1FF3508D9B4F90E308B
:1032100001332146304602D0C04749EA00096B1C01
:1032200004F16804EDD13F68002FE6D14846BDE8BF
:10323000F883B9464846BDE8F88300BF70B50C4630
:10324000B1F90E10002996B016461D4613DB6A46EA
:1032500004F05EF900280EDB019A02F47042A2F538
:103260000052B2FA82F252094FF4806300202A60C1
:10327000336016B070BDA38900221B062A6004D5F6
:1032800040230020336016B070BD4FF480630020EF
:10329000336016B070BD00BF8A8992070B4606D511
:1032A00001F1470201211A60C3E90421704770B59A
:1032B00082B001AB6A460C460646FFF7BFFF009995
:1032C00005463046FEF772FEB4F90C3070B116496F
:1032D000B162019A0099206043F08003A381C4E9A0
:1032E00004018AB92B43A38102B070BD9A05FBD4B7
:1032F00023F0030304F1470243F002030121A381F9
:103300002260C4E90421EFE73046B4F90E1004F05E
:103310000BF910B9B4F90C30E4E7A38923F00303E7
:1033200043F001031BB2DDE7892C006000000000C0
:1033300001F0FF01102A2BDB10F0070F08D010F866
:10334000013B013A8B422DD010F0070F42B3F6D16A
:10335000F0B441EA012141EA014122F007047FF083
:1033600000070023F0E80256083C85EA010586EADA
:10337000010685FA47F5A3FA87F586FA47F6A5FA16
:1033800087F68EB9EED1F0BC01F0FF0102F0070222
:1033900032B110F8013B013A83EA010313B1F8D1CD
:1033A0000020704701387047002D06BF35460338AE
:1033B000073815F0010F07D1013015F4807F02BFE7
:1033C000013015F4C03F0130F0BC0138704700BF38
:1033D0008842F0B40DD98B1883420AD9841832B1CF
:1033E000224613F8014D02F8014D9942F9D1F0BC83
:1033F00070470F2A0ED80346541E002AF7D0013416
:103400000C44013B11F8012B03F8012FA142F9D123
:10341000F0BC704740EA01039B073BD1A2F11007C3
:103420003F0901F1200606EB071601F1100300F138
:10343000100453F8105C44F8105C53F80C5C44F82A
:103440000C5C53F8085C44F8085C53F8045C44F8DE
:10345000045C1033B34204F11004EAD17B1C1B015D
:1034600012F00C0F194402F00F05034415D0043D6F
:10347000AD0803EB850C1C1F0E4656F8047B44F880
:10348000047F6445F9D10135AD002B44294402F095
:103490000302B1E7541E0346B1E72A46ACE700BF7A
:1034A000704700BF704700BF09B3F8B51446CAB1F2
:1034B00006460D4600F066F8A04202D32F46384675
:1034C000F8BD21463046FEF771FD07460028F6D0CC
:1034D00022462946FEF72AFC30462946FEF710FD13
:1034E0003846F8BD2746FEF70BFD3846F8BD1146B5
:1034F000FEF75CBD10B50C46B1F90E1003F0F0FFFD
:10350000002803DB636D0344636510BDA38923F4C6
:103510008053A38110BD00BF002070472DE9F0410A
:103520001646B1F90C201F46D3050C460546B1F9E5
:103530000E1009D422F48052A2813B46324628461E
:10354000BDE8F04103F0D3BF0022022303F0CDFF1A
:10355000B4F90C20B4F90E10ECE700BF10B50C461E
:10356000B1F90E1003F0C1FFA389421C0EBF23F472
:10357000805343F480536065A38110BDB1F90E10F0
:1035800003F0B7BF51F8043C181F002BBCBF0B5809
:10359000C018704710B5074C01F05AFD20460622AE
:1035A0000D2104F011FC20460122BDE810400D2140
:1035B00004F0FCBB00400042044B586841F26F71BC
:1035C0005A68121A8A42FBD9704700BF001000E007
:1035D000012070470120704708B5FFF7FBFF08BDC9
:1035E000704708B5FFF7FCFF08BD000013B502AB3C
:1035F00003E903000F4B1B78B3B99DF80230009824
:1036000073B16AB100F086FD04460146009800F0EF
:103610003DFD0099204602B0BDE8104001F024BBFA
:1036200000F058FD0446F4E7009800F073FD00999F
:10363000F1E700BF08100020034610B400885C8842
:103640000A4640EA0440998810BCFFF7CFBF01202A
:10365000704710B500210446FFF7EEFF2146FFF743
:10366000C0FF10BD08B501F0D3FC00F0A3F8BDE821
:103670000840FFF78FBF01F0EDBC704708B500F0C0
:1036800043FCFFF7FAFF40F6C41003F074FBBDE8FB
:10369000084002F0BFBD38B501210546FFF7CCFF59
:1036A00029460446FFF798FF08B9002038BD29468F
:1036B000204602F099FB0028F7D02946204602F068
:1036C000CFF80028F1D02946204602F00BFB002855
:1036D000EBD0AB785BB145F65B539C421CD00AD86B
:1036E000B4F5B84F12D045F6DF439C4211D02846BE
:1036F000FFF76EFFDAE745F65C539C420FD045F6C4
:103700005D539C42F3D101F063F9F0E7FFF7B6FF98
:10371000CBE701F0EFF9C8E701F066F9E7E701F060
:1037200066F9E4E7002000F079B8704708B5FFF7C4
:10373000FCFF08BD08B502F0B7FB00F06FF8FFF71B
:10374000F5FF08BD704708B5FFF7FCFF08BD012075
:103750007047000038B5C4B2FFF7F9FF054620B343
:10376000E243D4B212F0010218BF01221A214FF035
:10377000844004F01BFB14F002020D4818BF012224
:103780000C2104F013FB14F0040218BF01221921CC
:103790004FF0844004F00AFB14F0080218BF012225
:1037A00018214FF0844004F001FB284638BD00BFCB
:1037B0000040004210B50622174C1A214FF08440F9
:1037C00004F002FB01221A214FF0844004F0EEFACB
:1037D000204606220C2104F0F7FA204601220C2193
:1037E00004F0E4FA062219214FF0844004F0ECFAC8
:1037F000012219214FF0844004F0D8FA0622182142
:103800004FF0844004F0E0FABDE810400122182196
:103810004FF0844004F0CABA0040004210B504469C
:10382000FFF791FF2046FFF795FF10BD10B586B05A
:103830006C4684E803009DF802300BB100F0FEFFF7
:103840000023ADF8163094E80300ADF8141089B2E7
:103850000490ADF80C0004AC41B182B24FF6FF7396
:103860009A4203D02046FFF7F2FE18B194E8030015
:1038700000F012FF06B010BD008800F06BBC000025
:1038800010B5044600287AD0822813D102F00CFB30
:10389000810774D4392000F075FF01F015F84FF45A
:1038A0007A7003F068FA392000F074FFBDE8104028
:1038B00001F00AB883280ED102F0F6FAC2075ED4EE
:1038C000532000F05FFF00F0FFFF4FF47A7003F029
:1038D00052FA5320E8E784280ED102F0E5FA4307B4
:1038E0004DD4472000F04EFF00F0EEFF4FF47A7009
:1038F00003F041FA4720D7E7031FDBB2A02B12D811
:1039000002F032F900283AD11D4B2146186802F026
:1039100033FB20B1204600F03DFF00F0D5FF2046EC
:1039200000F030FFC2E700F12003DBB2072B07D81D
:1039300000F007040120A040C0B200F059FFB5E735
:1039400000F15B03DBB2022B05D82438BDE8104040
:1039500080B202F0D3BA00F15803DBB2162B06D8BE
:10396000084ABDE8104032F8130002F0D7BAEC283C
:1039700005D901F07FFDBDE8104001F04FBE10BD3C
:10398000680C00207298006008B5002858D0822882
:103990000FD102F089FA810752D5392000F0F2FEEA
:1039A00000F092FF392000F0F5FEBDE8084000F07D
:1039B0008BBF83280AD102F077FAC20740D5532083
:1039C00000F0E0FE00F080FF5320ECE784280AD1ED
:1039D00002F06AFA430733D5472000F0D3FE00F027
:1039E00073FF4720DFE7021FD2B2A02ADBD900F124
:1039F0002002D2B2072A07D800F00703012098401E
:103A0000C0B200F0FDFED0E700F15B02D2B2022AA4
:103A100004D8BDE80840002002F070BA00F1580256
:103A2000D2B2162A04D8BDE80840002002F076BAC7
:103A3000EC2805D901F07CFDBDE8084001F0EEBDA1
:103A400008BD38B505460C46FFF71AFF24B92846CD
:103A5000BDE83840FFF798BF0A20013C03F08BF91E
:103A6000A4B2F3E739280CBF50210021FFF7E9BFCA
:103A700008B528B100F0BCFEBDE8084000F024BF46
:103A800008BD08B528B100F0BBFEBDE8084000F055
:103A90001BBF08BD2DE9F0478679857881460C4625
:103AA00000F096FE36098046C8B1A846BDB1C4F301
:103AB000072303F0F003402B04D004F12003DBB212
:103AC000072B23D9AD4B5B7858071FD4022000F099
:103AD0004BFF00F07DFE80F001085FFA88F8C4F328
:103AE000033ABAF10F0F41D8DFE81AF013001300C0
:103AF00062006200BA00D20040004000DC003801E1
:103B00004A014A01A10140004000AA014FF000080B
:103B1000E5E7C4F30723C4F3032613F0F00F18BF3F
:103B20003601E4B285B156B104F12003DBB2072BB4
:103B3000304600D92CB900F05BFE00F0C5FE2046EF
:103B400053E000F06BFEF8E72046FFF71DFF6EB173
:103B500004F12003DBB2072B304600D914B900F082
:103B60004FFE01E000F062FE00F0AEFEAAF1080A8E
:103B7000BAF1030F03D802F097F9FFF74FFEB8F13F
:103B8000000F00F0648100F01BFE10F0010040F017
:103B90005E8189F8020000F00BFE00F03FFA484613
:103BA00000F06CF900F004FEBDE8F04700F040BA08
:103BB000C4F3072303F0F003C4F30327202BE4B27C
:103BC00018BF3F012CB1012C35D0002D3BD0AEB336
:103BD000B5E76A4B5B78590711D54DB127B1384627
:103BE00000F006FE00F070FE0020FFF749FEBDE782
:103BF0002846FFF7C9FE002FB8D03846AFE785B199
:103C000036B900F037FE3843C0B2FFF731FFADE7F9
:103C1000012EF6D100F02EFE3843C0B200F036FE81
:103C2000A4E72EB900F044FE3846FFF72AFF9DE7CF
:103C3000012E9BD0F6E71DB1052E97D83846E4E754
:103C4000042E93D8F0E7002EEED0392C0CBF4FF4A1
:103C50004870012003F08FF82046FFF795FE85E7B6
:103C600014F4406FC4F3812308D0012B7FF47EAF9E
:103C700065B1C4F3090002F051F977E725B1C4F347
:103C8000090002F03BF971E72846FAE72846F2E717
:103C9000E0B225B101F0EEFB01F0C0FC66E701F0F7
:103CA00047FCF9E714F4407F27D1002D7FF45EAF85
:103CB000C4F34210E2064FEA800048BF0F25C0B2AD
:103CC00048BF854004F00F03C4F3812448BFED438F
:103CD0008340022C45EA030009D0032C0AD0012CB2
:103CE00002D000F071F941E700F066F93EE700F01C
:103CF00073F93BE700F05DF938E7C4F3012215B32F
:103D000002F00103002B3FF431AFC4F342108000F6
:103D1000C2B204F00F0000FA02F114F010001CBF50
:103D20000F2303FA02F0C4F3812414BFC3430346F4
:103D3000022C43EA01000BD0032C0CD0012C04D040
:103D400000F092F912E75308DCE700F085F90DE77F
:103D500000F092F90AE700F04DF907E7E6B2C4F384
:103D6000032425B1204600F059F930464DE730468E
:103D7000FFF787FE204600F05BF9F7E60021002000
:103D8000E7B2A7F1F003042B3DD8DFE803F00322EC
:103D90000E151E003DB1042E3FF6E8AEC4F304201C
:103DA00000F050F9E2E6052EF6E7C4F30420002DFA
:103DB000E1D100F033F9D9E625B1C4F3042000F0D5
:103DC00028F9D3E600F022F9D0E6224B5B785B07B6
:103DD00004D5C4F30420002DCDD0EAE74DB1C4F3DF
:103DE0000424204600F01AF90321204600F098FD33
:103DF000BCE6012000F0B8FD012E7FF6B7AE022030
:103E000000F0B2FDB2E62DB10EB13846EDE6C4F3D6
:103E10000420CEE746B1392F0CBF4FF44870012083
:103E200002F0A9FF384618E7C4F30420A3E7C4F35F
:103E30000322E1B2484600F013FF00F0BBF995E61B
:103E4000C4F30322E1B2484600F00CFF8EE6BDE861
:103E5000F08700BF0021002038B501880446807833
:103E600000F084F9054600F00FF900F0A1F82946AA
:103E70002046BDE83840FFF70DBE000037B5858805
:103E800004460146022201A8FDF750FFF5B1BDF836
:103E900004204FF6FF739A4218D02046FFF7FBFB31
:103EA00070B900F095FC88B1A3787BB1084B5B78C2
:103EB0005B070BD4022003B0BDE8304000F054BDD6
:103EC0002046FFF7C9FF2046FFF7C3FB03B030BD14
:103ED0000021002008B5002002F010F8002002F0B8
:103EE0001DF800F0ABFC00F0BFFC00F0EDFC01F0B1
:103EF00073FCBDE8084001F091BB08B500F052FC2E
:103F0000BDE80840FFF7E6BF08B500F081FCBDE85A
:103F10000840FFF7F2BF0346C3F30332023AC0B2D0
:103F20000D2A1CD8DFE802F007071B1B141B1B1B04
:103F30000707181B1B18F02813D004D8E7288CBFDC
:103F4000002001207047F42814BF00200120704792
:103F5000E72806D9F128F7E7C3F3C020704700200F
:103F600070470120704708B5008800F0F3F8BDE8FD
:103F70000840FFF7D0BF82B002AB03E9030002B0F4
:103F8000704782B002AB03E9030002B0704770478C
:103F900008B5FFF7FCFF08BD08B5FFF7F9FF034BB5
:103FA0001860BDE80840FFF795BF00BF0C10002067
:103FB0007047FFF7F1BF0000024B1B681843FFF783
:103FC000EBBF00BF0C100020024B1B681840FFF72E
:103FD000E3BF00BF0C100020024B1B685840FFF7E6
:103FE000DBBF00BF0C100020704708B5FFF7FCFFD7
:103FF00008BD000008B5FFF7F8FF034B1860BDE8E7
:104000000840FFF767BF00BF101000200020FFF737
:10401000F1BF012303FA00F0FFF7ECBF034A0123CD
:10402000834010681843FFF7E5BF00BF1010002061
:10403000034A01238340106820EA0300FFF7DABF38
:1040400010100020034A0123834010685840FFF7F6
:10405000D1BF00BF10100020024B1B681843FFF7B0
:10406000C9BF00BF10100020024B1B681840FFF7AB
:10407000C1BF00BF10100020024B1B685840FFF763
:10408000B9BF00BF1010002070470000C0F3072325
:10409000C3EBC30337B553FA80F000F007030122E6
:1040A0009A40C0F3C4000A4B00EB8000D2B218441F
:1040B0000024057821FA04F343F300036B40134016
:1040C00001346B40052C00F8013BF2D103B030BD48
:1040D00014100020C0F30723C3EBC30313B553FA36
:1040E00080F00B4900F00704C0F3C40000EB80002F
:1040F00000220144104611F8013BE34003F00103A4
:10410000934001321843052AC0B2F4D102B010BD69
:10411000141000200D4B73B51E680D4BADF8040054
:104120001B681F241E4326FA04F3DB07E5B205D4FF
:10413000013CF8D20025284602B070BD01992846FE
:1041400000F078FE80B20128F2D0F4E710100020D1
:104150000C10002007B5ADF804000198FFF7DAFF56
:10416000019903B05DF804EB00F064BE13B5104B89
:10417000ADF804101B782BB1019802B0BDE81040D7
:10418000FFF7E8BF70B10198FFF7C4FF044601468E
:104190000198FFF77BFF0199204602B0BDE810406F
:1041A00000F048BE0198FFF795FF0446F3E700BF13
:1041B00008100020F8B5034660B1002501261C4612
:1041C00014F8010B74283FD00BD802282DD002D848
:1041D000012812D0F8BD031F6F2BFBD8FFF750FB4F
:1041E0001AE075283AD000F17C03DBB26F2BF1D8CE
:1041F00000F07F00FFF7C8FB0EE09C1C5B7803F12A
:104200002002D2B2072A0ED803F007039840C0B2AA
:1042100000F01AFB00F058FB2F46013FFFB2FF2FC2
:104220001FD12346CBE71846D8E758789C1C00F1ED
:104230002003DBB2072BDDD800F0070006FA00F000
:10424000C0B200F009FBE5E75F789C1C013FFFB2BC
:10425000FF2FE1D00A2002F08EFDF7E75D789C1C6D
:10426000DAE70A2002F087FDD7E70000F8B50C4B2B
:104270000C4E1C780C4D3378A34200D1F8BD05EBF1
:10428000C40335F834005F889A88D98840EA07402B
:1042900042EA01410134FFF774FE04F00704EAE743
:1042A000A3100020A210002062100020064B10B4C2
:1042B00018885C889A88D98840EA044042EA01411B
:1042C00010BCFFF75EBE00BF5A100020234BF7B5AD
:1042D0009A7912F0F00F0CD19A7852B1204A214EFF
:1042E0001278214DDFF884C04FF6FF773178914284
:1042F00001D103B0F0BD98881988ADF8041048B317
:1043000089B2B94226D005EBC20493F801E0617886
:104310008E451FD193F800E015F832108E4519D163
:10432000A178B9B9A188091ABCF8000089B28842FD
:1043300010D999790948012262F307119971A3797B
:1043400062F30713A371FFF799FD03B0BDE8F040D6
:10435000FFF78CBF013202F00702C7E75A100020B6
:10436000A3100020A210002062100020640C002086
:104370002DE9F04F85B0C34FE946044601460622B9
:104380004846FDF7D3FCBB88388821786278A67848
:10439000B4F804A0ADF80800B846002B00F0C480C3
:1043A00080B24FF6FF7C604500F0BE80BD78002DE6
:1043B00000F0BA80DFF8D0E2B879BEF800E0AAEBEE
:1043C00003039BB29E4500F0F00B40F283803B88D4
:1043D000ADF80830BBF1000F44D16345B14613D0AE
:1043E000B4F800C09C450FD1002E40F00F8101238E
:1043F00063F30710B871FFF759FF3846FFF73EFD2A
:10440000BB79A371002538E1BAF1000F40F00281B9
:10441000002EF7D098F8063043F0010388F80630F4
:10442000F0E700EBC30696F801C0944506D110F8FA
:1044300033C08C4502D1B678002EE3D1013303F0AE
:104440000703FAE010F4706F02D0002B00F0148123
:104450002033DBB2072B40F20F812046FFF70EFD21
:10446000A94609E163450FD022889A420CD15EB972
:10447000A0712046FFF702FD082221463846FDF7CD
:1044800055FCFFF713FFF8E02046FFF76CFDE8B19D
:10449000E6B198F806301F2B0DD9B8F80020ADF81A
:1044A000082002A800228DF80A20ADF80CA08DF893
:1044B0000E30FFF7E3FC082221467248FDF736FC78
:1044C000FFF704FFFFF7F2FE0125D6E02046FFF7D5
:1044D000D5FCF9E7BBF1000F16D18DF801208DF85E
:1044E0000260ADF804A08DF8001099E80300FFF712
:1044F00042FD3846FFF7C2FC082259463846FDF710
:10450000AFFCFFF7D3FE7DE722883B889A42BBD100
:10451000002EB9D1A0712046FFF7B0FC0822314629
:104520003846FDF79DFCA8E0B8F80000ADF808009B
:10453000002B56D085B24FF6FF70854251D098F8C7
:104540000250002D4DD15048AAEB030300889BB2C6
:10455000984234D93546002EB8D02288B8F80030B9
:104560009A421DD198F80630DA0713D413F0F002FE
:1045700010D0F02AA37106D0DBB2C3F303120132CC
:1045800062F30713A3712046FFF778FC3D48082229
:10459000214674E7082221463A48FDF7C7FB6CE044
:1045A0002046FFF7E0FC002885D198F80630204629
:1045B00043F0010388F80630FFF760FC5DE08DF8FA
:1045C00001208DF80260ADF804A08DF8001099E884
:1045D0000300FFF7D0FC082229462A48FDF740FCDB
:1045E0004FE7002E3FF472AF2046FFF7BCFC0546B4
:1045F00000283FF46BAF082221462248FDF796FBC6
:104600002048FFF739F9FFF761FE3AE7BAF1000FEA
:104610003FF400AF8DF808108DF80920BDF80800B0
:104620004FF6FF7398423FF4F3AE002E7FF4F2AEE4
:104630001648174B07781B781648BB427FF4F1AE3B
:104640008DF801208DF800100098FFF783FDC0F36E
:104650000332012AC3B27FF6F5AE0E3202F00F022A
:10466000012A3FF6FAAE10F4706F3FF4F1AEA27972
:1046700012F0F00F7FF4ECAE4D46284605B0BDE8D1
:10468000F08F00BF5A100020640C0020A210002000
:10469000A310002062100020F0B587B06C4684E8BB
:1046A00003002046FFF764FE324F334D064688B1C3
:1046B000BDF80430BDF80020ADF8102043B192B22F
:1046C0004FF6FF739A4203D094E80300FFF759FCBA
:1046D0002A4C48E094E8030004AB83E80300BDF8EB
:1046E0000420BDF81010ADF80C10002AF0D0BDF871
:1046F0000CC0387829784FF6FF74A445E8D0441CE4
:1047000004F007048C420CD019461C4BADF8142061
:1047100003EBC0000822FDF709FB3C70FFF7A6FD84
:10472000D6E7FFF7F1FB0822314615483E702E70A0
:10473000FDF796FBCCE704EBC000FFF719FEB0B124
:104740002B7834F8330004EBC3035E889A88D98849
:1047500040EA064042EA0141FFF713FC2B7801339F
:1047600003F007032B7028783B788342E3D107B02E
:10477000F0BD00BFA2100020A31000206210002096
:104780005A100020024B0146186801F061BC00BFBE
:10479000680C0020024B0146186801F071BC00BF94
:1047A000680C0020014B186801F082BC680C0020E6
:1047B000024B93F90000C0F3C7007047C5100020FA
:1047C000024B187800F00700704700BFC5100020AA
:1047D000034B187810F0070018BF0120704700BF86
:1047E000C5100020014B1878704700BFC71000208B
:1047F000024B1A7810431870704700BFC710002092
:10480000024A137823EA000313707047C710002090
:10481000014B00221A707047C7100020024B1A7813
:1048200010431870704700BFC8100020024A137868
:1048300023EA000313707047C8100020014B0022C8
:104840001A707047C8100020024B1A781043187075
:10485000704700BFC4100020024A137823EA000307
:1048600013707047C4100020014B00221A7070476B
:10487000C4100020014B1878704700BFC6100020FC
:10488000704708B5FFF7FCFF08BD0000064A5278E4
:10489000520708B506D4054A1178814202D010703B
:1048A000FFF7EFFF08BD00BF00210020C610002069
:1048B00008B5044B1A781AB100201870FFF7E1FF11
:1048C00008BD00BFC610002010B50D4B0D491B7868
:1048D00009780D4C0B430D49206809780B430C49AE
:1048E0000370097831B10B43037001F027FB08B165
:1048F000FFF7DEFF2068BDE8104001F0DDBA00BF21
:10490000C7100020C8100020680C0020C410002030
:10491000C6100020704708B5FFF7FCFF08BD000077
:104920000A4A5278520710B50CD4094C41EAC0012A
:104930002170FFF773FB94F90000C0F3C700FFF785
:10494000EAFF10BDBDE81040FFF768BB0021002062
:10495000C510002008B5034B00201870FFF7DBFFDF
:1049600008BD00BFC510002008B50C4A92F9003000
:1049700023EA000040B2107042070ED1DBB283423E
:104980000BD0074B5B785B0707D4C0F3C700FFF77A
:104990004FFBBDE80840FFF7DDBF08BDC510002094
:1049A00000210020094A08B55378C3F380018142F1
:1049B0000AD060F382035370108800F037F8BDE826
:1049C00008400220FFF7D0BF08BD00BF0021002033
:1049D000044B5878C0F3800080F0010000F0010023
:1049E000FFF7E0BF002100200120FFF7DBBF002020
:1049F000FFF7D8BF08B5002000F00AFF4FF6E963C3
:104A0000C31A5842584108BD022000F0FBBE0320E3
:104A100000F0F8BE10B5042000F0F4FE0446222099
:104A200000F0F0FE44EA002080B210BD10B5C1B223
:104A30000446042000F00AFF210A2220BDE81040AD
:104A400000F004BF01460F2000F008BF014613200C
:104A500000F004BF0020FFF7F9BF08B50020FFF702
:104A6000F1FFFFF7F7FF08BD10B54FF6E961002031
:104A700000F0F2FE0021022000F0E8FE00210320F9
:104A8000002400F0E3FE1A4B214604201C6000F0D5
:104A9000DDFE2146222000F0D9FE2146052000F04F
:104AA000D5FE2146062000F0D1FEFF21072000F0B0
:104AB000CDFE2146082000F0D1FE21460D2000F059
:104AC000C5FE2146182000F0C9FE2146172000F03F
:104AD000BDFE21461C2000F0C1FE2146202000F032
:104AE000BBFE2146182000F0B9FEFFF7B6FF10BD4F
:104AF0000C100020FFF7B8BF01460E2000F0A6BE44
:104B000008B501F05BFB024B1860024B186008BD52
:104B1000CC100020D01000207047704708B5FFF778
:104B2000FCFF08BD704708B5FFF7FCFF08BD00009B
:104B300008B5044800F064FAFFF7EEFFFFF7EEFF58
:104B400008BD00BFF94F00600120704708B5FFF7AE
:104B5000FBFF08BD7047704708B5FFF7FBFFFFF785
:104B6000FAFF08BD08B501F027FB00F001FBFFF7D5
:104B7000DAFF08BD2DE9F74F00F014FB08B1FFF78D
:104B8000BFFFDFF8D4A0DFF8D48000255646EFB28F
:104B9000384600F063FA1AF8014B844281463FD050
:104BA00098F800309B0701D500F05EFA84EA09040A
:104BB000E3B20022012423425FFA82FB2BD0FFF7ED
:104BC000C5FFA8B119EA040F14BF012300238DF813
:104BD00002308DF800B08DF8017001F00FFB40F04D
:104BE0000100ADF8040002AB13E90300FEF71EFE5E
:104BF000735D5C407455174C00F02CFD01F054F9C6
:104C00002378834222D001F04FF9207003B0BDE831
:104C1000F04FFEF703BE01326400072AE4B2CAD1A6
:104C200001350F2DB3D14FF6FF73ADF800300023DF
:104C30008DF8023001F0E2FA40F00100ADF8040016
:104C400002AB13E90300FEF7F1FDD4E703B0BDE8C2
:104C5000F08F00BFD4100020D5100020E4100020F9
:104C60000020704770470000C1F307236922C3EB9F
:104C7000C30302FB003353FA81F1034B33F81100F5
:104C800082B002B0704700BFA0970060014B33F8BC
:104C900010007047CE98006010B500F0D7F8B0F55E
:104CA000A04F04462FD2B0F5804F80F08980E728CE
:104CB00016D8DF280AD8A7280AD8A42869D8012836
:104CC00004D0031F9BB2A12B28BF0024204610BD97
:104CD000BE2864D9C03880B21F286AD90024F5E7FD
:104CE000B0F5405F09D2B0F5005F60D2FF2854D81C
:104CF000EC28F3D940F4A04024E00205C3B25CD410
:104D000043F44044E2E7B0F5AA4F1DD2B0F5A84FF6
:104D1000C3B275D2B0F5A64F0AD2B0F5A44F64D293
:104D2000B0F5A24F51D34AF2F10040EA0324CDE797
:104D30009C08012003F0030300FA03F343EA441044
:104D400040F40A4084B2C1E7B0F5B44F0FD2B0F5D9
:104D5000B24F61D2B0F5AC4F55D3A0F5B0439BB282
:104D6000FF2BBBD84AF2F00040EA0420EAE7A0F5A6
:104D7000C0439BB2B3F5005FB0D2C0F3042000F093
:104D8000E5F8030203F4F853E4B21C4344F400547E
:104D90009CE7A0F1240444F48044A4B296E758347C
:104DA000E4B2234B33F8140040F488448EE7C0F398
:104DB0000B00FFF76BFF044688E743F4484485E7A0
:104DC000C0F30B0040F4204480E7C3F38104C0F338
:104DD0000110640144EA002403F00303012000FAF7
:104DE00003F31C4344F40C40ACE79C08012003F09F
:104DF000030300FA03F343EA441040F40C40A1E734
:104E00004AF2F40091E7C0B200F0A0F8000200F40A
:104E1000F85040F4005459E700F00F0000F096F805
:104E2000C4F3031440EA042040F410408AE700BFB2
:104E3000A098006007B5ADF804100199FFF714FFC2
:104E400003B05DF804EBFFF727BF0000E7284DD85B
:104E5000DF2807D8312861D00ED8292857D02A2832
:104E600063D07047A0F1E003072B3FD8DFE803F0E1
:104E7000123E2126303E3A3F392804D0822802D003
:104E800035283DD07047304B1B7813F0030F18BF07
:104E9000E02070472C4A1378D9074DD4527812F08D
:104EA000010F23D013F0100F08BFE32018BF00201C
:104EB0007047254B1B7813F0040FF2E7224A137852
:104EC00059073BD45278D2073AD413F0100FEDE7CC
:104ED0001D4B5A78910709D51B7813F0100F08BFA6
:104EE000E720E3E7184B1B781A07F6D47047164AF9
:104EF0001378190726D452789207E6D5E420F5E70F
:104F0000114B1B7813F0200F18BF292070470E4B50
:104F10001B7813F0200F18BF352070470A4B1B7801
:104F200013F0400F18BF2A207047074B1B7813F06F
:104F3000400F18BF3120704739207047E22070477A
:104F4000E0207047E620704700210020294B1A78A6
:104F5000510707D500F01801082927D100F0F70004
:104F600040F00400110707D500F01801182926D1D8
:104F700000F0E70040F014005B78D90707D500F097
:104F80001801082924D100F0F70040F0010099072A
:104F900007D500F01803182B23D100F0E70040F0EC
:104FA0001100D30648BF00F0E700704700F014017D
:104FB000042904BF00F0FB0040F00800D2E700F035
:104FC0001401142904BF00F0EB0040F01800D3E7EF
:104FD00000F01101012904BF00F0FE0040F00800BC
:104FE000D5E700F01103112B04BF00F0EE0040F0F4
:104FF0001800D6E7002100200020704700207047ED
:10500000014B1860704700BF6C0C00207047000017
:1050100008B5FFF7EFFC08B9FFF76CFDFFF7F4FCEC
:10502000084B1870FFF7F6FC074B1880FFF7EEFFF0
:10503000FFF7EDFCFEF7BDFF044B1868BDE8084024
:10504000FEF7D3BFE4100020002100201010002044
:105050007047704708B5FFF7FCFF08BD014B185CAF
:10506000704700BF112100207047704708B520230A
:1050700083F31188C1B220F47F60032220F00F0077
:1050800002F0A2FE002383F3118808BD38B50C4D51
:105090000F2455F8040B421C01D0FFF7E7FF013C39
:1050A00014F0FF04F5D1074D072455F8040B431CF9
:1050B00001D0FFF7DBFF013C14F0FF04F5D138BD50
:1050C000EC980060D09800602DE9F84F254F57F814
:1050D00021400D46611C804638D0202383F311887F
:1050E000DFF884A004EA0A06E4B22146304606222C
:1050F00002F06AFE21460022304602F057FE0024EC
:1051000084F31188FFF7B1FFDFF860B007264FF096
:1051100001095BF8040B421C1AD10023013E1C4319
:105120004FEA490916F0FF06E4B25FFA89F9F0D1B7
:1051300057F82500431C01D0FFF798FF211E18BF28
:1051400001212846FEF738FA08F80540BDE8F88F37
:10515000C1B200EA0A0002F01FFE0028DDD14B4672
:10516000DCE700BFEC98006000F0FFFFD098006023
:1051700010B50F24FFF78AFF224600210748FCF7ED
:105180006FFE224600210648FCF76AFE204600F02A
:1051900037F8BDE81040FEF765BA00BF11210020C6
:1051A0000221002030B5002485B00B22214601A841
:1051B0000094FCF755FEE1B268460134FFF784FF26
:1051C0000F2CF8D10C4822466946FCF77FFD0028D9
:1051D00014BF0125002504D0074822466946FCF784
:1051E000A5FD064904482B460F2200F021F8FEF7E2
:1051F00042FA284605B030BD0221002011210020CE
:1052000038B5C0EBC0042046FCF750FD074B1860D2
:105210000023C21D1D46A34200D138BDC11801F8AC
:10522000015B9142FBD107330732F4E7E81000201D
:105230002DE9F74F434C0190267800928B461D468E
:10524000002E5BD000F0BAFF3F4B19681860411A7E
:10525000FF2904D821B9002D59D135464FE0FF214F
:105260003A4B3B4FD3F800C00022C9B222703A70CB
:105270009646904691460098D3B298420AD8B8F123
:10528000000F01D001232370BEF1000FE3D00123F2
:105290003B70E0E70CF1FF330CF1060A13F8010F45
:1052A00040B1814233BF401A83F80090B64618706F
:1052B00038BFB0465345F1D10CF1070C0132DAE7A3
:1052C000019A4D78D75C00226F4009FA02FE1EEA6F
:1052D000070F5FFA8EFB0AD010F802E0BEF1000F54
:1052E00005D1012600F802A08BEA0505B44601327B
:1052F000072AEAD101F8015F013315E01BB9144B0D
:105300001B78DBB11DB900F059FF0F4B18600F4B34
:1053100094F800C0D3F8008000230BF1FF311E4643
:105320004FF001094FF0140A009DDAB2C3EBC3003D
:1053300095424044C4D80EB184F800C003B0BDE823
:10534000F08F00BFE5100020EC100020E8100020D6
:10535000F010002008B501F03BFAFFF703FCBDE8B0
:10536000084001F04BBA08B501F04EFAFFF702FC15
:10537000BDE8084001F06ABA08B500F0D7FE01F0B8
:1053800024FAFFF7D5FBFFF7E5FFFFF7ECFFFFF788
:10539000E3FBFAE7194B1B78D90709D5184B1878A6
:1053A00000EB800080087F2824D828B3C0B2704763
:1053B0009A0705D5124B187800EB80004008F2E7F9
:1053C0005B0704D50E4B187800EB8000EBE70D4B24
:1053D0001B786BB10C4A0A49127808789342F3D2D1
:1053E00010FB03F000EB8000B0FBF2F080B2DAE7D4
:1053F0000520DBE77F20704701207047FC1000206C
:10540000720C0020FD100020730C0020154B1B783F
:10541000D90705D5144B1878800800B3C0B270477F
:105420009A0703D5104B18784008F6E75B0705D5B7
:105430000D4B18787F28F0D97F2070470B4B1B78D5
:105440005BB10B4A084912780878934236BF10FBCB
:1054500003F080B2B0FBF2F0ECE70120DEE70120C0
:10546000704700BFFC100020760C0020FE100020CA
:10547000770C0020ED2808B505D1FFF78BFF4042DF
:10548000294BD87008BDEE2802D1FFF783FFF7E75C
:10549000EF2805D1FFF77EFF4042234B9870F1E7DC
:1054A000F02802D1FFF776FFF7E7F92804D1FFF7DC
:1054B000ADFF1D4B1871E5E7FA2803D1FFF7A6FFF2
:1054C0004042F6E7FB2805D1FFF7A0FF4042164B0C
:1054D0005871D7E7FC2802D1FFF798FFF7E700F1F2
:1054E0000F03DBB2072B08D80F4A0123F13803FA68
:1054F00000F0537818435070C4E7FD2805D10B4ADB
:10550000137843F001031370BCE7FE2804D1074A67
:10551000137843F00203F6E7FF28B3D1034A137868
:1055200043F00403EFE700BFF6100020FC1000205A
:10553000364BED2893F902200AD193F90310002984
:105540000CDA0021D97052B9314A0021117006E0FD
:10555000EE280DD193F903100029F2DC72B11A790B
:105560005B7913435AB2002B4FD12A4B1A70704704
:10557000EF2806D1002AF1DA00229A7093F903206D
:10558000E1E7F02802D1002AF6DCE7E7F92893F9F1
:10559000041004D10029E1DD00211971DEE7FA28A9
:1055A00002D10029DADAF7E7FB2893F9051004D1D4
:1055B0000029D3DA00215971D0E7FC2802D1002953
:1055C000F8DCCBE700F10F01C9B2072907D8F138A1
:1055D00001218140587820EA01005870BEE7FD287B
:1055E00005D10D48017821F001010170B6E7FE28D0
:1055F00004D10948017821F00201F6E7FF28ADD176
:105600000548017821F00401EFE77047F61000200B
:10561000FD100020FE100020FC10002008B500F056
:10562000EDFD094BDA7899780A431CBF074A1080D0
:105630001A795B7913431CBF054B1880BDE80840FD
:10564000014800F051BC00BFF6100020F21000200D
:10565000F41000202DE9F047564C94F9028094F99B
:10566000037094F9046094F9055094F800A094F83C
:1056700001900023A370E3702371637158EA07035C
:105680000AD04D4B188800F0BEFD4C490B783BB357
:105690004B4A127890422DDC56EA05030BD0494B59
:1056A000188800F0B0FD48490B78002B4ED0474ACF
:1056B0001278904254DCE278A378134322791343A2
:1056C0006279134301D0FFF7A9FF84F800A084F8A2
:1056D000019084F80280E77026716571BDE8F0875B
:1056E0003B4A127802EB8202B0EB420FD4DD013369
:1056F0000B7001E0FF2BFAD1B8F1000F08D0FFF7D3
:1057000049FEB8F1000FCCBF0123FF235843A0701E
:105710003FB1FFF73FFE002FCCBF0123FF235843CB
:10572000E07094F90220002AB6D094F90310002901
:10573000B2D0B5235A43121203FB01F308BF012272
:105740001B1208BF0123A270E370A5E7214A12785B
:1057500002EB8202B0EB420FADDD01330B7001E0D2
:10576000FF2BFAD13EB1FFF751FE002ECCBF012333
:10577000FF23584320713DB1FFF748FE002DCCBFF9
:105780000123FF235843607194F90420002A92D02A
:1057900094F9051000298ED0B5235A43121203FB49
:1057A00001F308BF01221B1208BF0123227163719C
:1057B00081E700BFF6100020F2100020FD1000204D
:1057C000710C0020F4100020FE100020750C002049
:1057D000700C0020740C002008B50622054800213A
:1057E000FCF73EFB044A00231370044A1370044A7A
:1057F000137008BDF6100020FD100020FE100020E0
:10580000FC100020014B185C704700BF0011002005
:10581000034BC218185C527840EA0220704700BF60
:1058200000110020024B19541844090A41707047B6
:1058300000110020044B195418440B0A43700B0C40
:10584000090E8370C170704700110020014B19547C
:10585000704700BF00110020FFF7E4BFFFF7EABF69
:1058600038B505468878002800F0E38045F60353F4
:105870009D421BD845F6FA439D4204D8A5F5B8438E
:10588000023B132B16D8FFF7C5F86B4C45F61543B2
:105890009D42208020D845F601439D420BD82088A8
:1058A000FFF7C4F8FEF730FB002003E045F6625333
:1058B0009D42E8D038BDA5F5B845033D122D2AD844
:1058C000DFE805F02E323643474B4F556165696D71
:1058D000797D81858BA7930045F603539D420ED8B1
:1058E00045F6FA439D42DAD9A5F5B9457C3D072D29
:1058F00022D8DFE805F026585C427685989C45F66C
:1059000062539D42CBD12378C3F3001282F001028F
:1059100062F3041302E0237843F001032370BEE72F
:10592000237843F00203F9E7237843F00403F5E713
:10593000237843F00803F1E7637843F001036370D1
:10594000ADE7637843F00203F9E7237843F01003EF
:10595000E4E7237843F02003E0E7237843F04003B3
:10596000DCE7FEF7D1FA237843F08003D6E723780B
:1059700023F00C0343F00C03D0E7637823F0030318
:1059800043F00303DBE723786FF30003C6E72378D4
:105990006FF34103C2E723786FF38203BEE72378F6
:1059A0006FF3C303BAE763786FF30003C7E7637865
:1059B0006FF34103C3E723786FF30413AEE7237853
:1059C0006FF34513AAE723786FF38613A6E7FEF774
:1059D0009BFA23786FF3C713A0E7237823F00C0317
:1059E0009CE7637823F00303A9E72378C3F38002DD
:1059F00082F00102D2B262F3820362F3C3038DE745
:105A00006378DA4302F0010262F3000362F34103B8
:105A100095E7FEF779FA2378C3F3C01282F001020A
:105A200062F3C7137AE70120FFF766F837E7002033
:105A3000FAE701203EE700BF00210020431F10B518
:105A40003E2B00F28580DFE803F02D243022838393
:105A500022838351835D69838383832283832283AB
:105A600040838381818181818181818175832D2022
:105A70008383838383838383838375838322837B6D
:105A80007B7B7B7B7B7B7B7B7500FFF733F8012087
:105A900007E0304A137823F00F0313702E4B0120D8
:105AA000187010BDFDF7EAFDF1E72A4A1378C3F339
:105AB000000181F0010161F300031370D9B2DB072B
:105AC000E5D421F00E031370E1E722490B78C3F30C
:105AD000400282F0010262F341030B7013F0020FE7
:105AE000D5D01C4A137843F00103ECE719490B7831
:105AF000C3F3800282F0010262F382030B7013F0A1
:105B0000040FEDE713490B78C3F3C00282F00102E2
:105B100062F3C3030B7013F0080FE1E7FEF7F4F92B
:105B20000E490B78C3F3C01282F0010262F3C7136F
:105B30000B70ACE70120FEF73CFAFEF7E5F9A6E7AB
:105B40003938C0B2012404FA00F0F4E71D38F8E750
:105B50000020A6E7E41000202411002000210020EE
:105B60000020704700207047F8B5554E3478012C5E
:105B70000546374615D0022C36D0002C40F09B80CD
:105B8000FEF730FE222840F099802846FFF7E8FF14
:105B900018B92846FFF752FF00E0012000F001008D
:105BA000F8BDFEF71FFE2228284605D1FFF7D8FFD3
:105BB0000028EED02046F1E7FFF7D4FF40B9142DBE
:105BC0000FD007D80B2D03D0102DE9D1022333704D
:105BD0000120E5E7292D04D0A5F1380358425841AA
:105BE000DEE700203870DBE75228F1D84E2810D8C5
:105BF000272821D81D2821D8072841D01428E7D1EB
:105C0000304A1378002BE3D0002313702E4A136020
:105C1000DEE75038022845D8DFE800F02F460200C2
:105C20000121294B1B68002BD2D01A780A44FF2A85
:105C30003DDDFF221A70CBE72928E0E7214B1D3814
:105C4000C0B218700138052833D8DFE800F0030728
:105C50000A0D10131C4B1D4A1A60B9E71A4B1C4A57
:105C6000FAE7194B1B4AF7E7174B1B4AF4E7164BA9
:105C70001A4AF1E7144B1A4AEEE76FF00901D0E730
:105C8000124B06221A70124B14221A70114B042266
:105C90001A70114B0A221A70104B01201870104B09
:105CA00018707DE70A21BCE74FF0FF31B9E7002A01
:105CB000C0DA0022BEE70020307071E720466FE7AF
:105CC000241100202511002028110020700C002034
:105CD000710C0020720C0020730C0020760C002048
:105CE000770C002045F61643984210B50C461BD1A0
:105CF000FEF778FDA2780D4B72B100F0AA000028E3
:105D000015BF01220022352029201A70FEF73AFD26
:105D1000FEF7DAFD002010BD1B78002B14BF3520E4
:105D20002920FEF737FDF3E70120F4E72C110020CE
:105D3000F8B5144682789DF818701D46284B92B12C
:105D40001C7000F05BFA274B188004F12003DBB2D3
:105D5000072B44D804F007040120A040C0B2BDE8DE
:105D6000F840FDF785BE1E78A6422ED11D4B18883F
:105D700000F049FAC72828D8AE4205F1200415D012
:105D800006F12003DBB2072B06D806F00706012038
:105D9000B040C0B2FDF775FEE3B2072B06D805F0A0
:105DA000070301209840C0B2FDF762FE3846E4B216
:105DB000FDF758FE072C12D805F007050120A84072
:105DC000BDE8F840C0B2FDF75CBE04F12003DBB2D1
:105DD000072B04D804F007040120A040F0E7F8BD29
:105DE0002D1100202E11002013B545F6F74304466F
:105DF0009C4208460FD845F6F3439C4212D845F61C
:105E0000D9439C421DD045F6DA439C423ED045F62C
:105E1000D8439C420FD0807800283BD01E4B0022F4
:105E20001A701CE0A4F5B944753C022C0ED8DFE8CA
:105E300004F0181F260026230093E1231A4621466A
:105E40000AE027230093E523E522F8E726230093C1
:105E5000E022E12345F6F441FFF76AFF002002B09B
:105E600010BD27230093E422E52345F6F541F3E72F
:105E700026230093E222E12345F6F641ECE72723AF
:105E80000093E622E52345F6F741E5E72823009352
:105E90000123D9E70120E2E72D110020014B186012
:105EA000704700BF30110020024B186808B103682A
:105EB0001847704730110020084B1B686BB1084A27
:105EC000127842B1074A92F90020002ABFBF027837
:105ED0004270062202705B6818477047301100203C
:105EE000780C002000210020034A12681AB1022118
:105EF000017093681847704730110020054A1188D7
:105F0000814205D0044B10801B680BB1DB68184739
:105F1000704700BF3611002030110020054A11885B
:105F2000814205D0044B10801B680BB11B691847D8
:105F3000704700BF34110020301100200C4B1B783B
:105F4000821C63B10B4B93F90030002BACBF0623CE
:105F50001E230020013BDBB2FF2B02D1704706233A
:105F6000F7E712F8011B0029F4D00130C0B2F1E7C5
:105F7000780C002000210020F9B1124B1B78A3B14E
:105F8000114B93F90030002B0FDAEF294FEAD102C1
:105F900013D81044012301F0070103FA01F18378BB
:105FA000194214BF012000207047831C083013F8E9
:105FB000012B8A4203D08342F9D10020704701208F
:105FC000704700BF780C00200021002030B54FF052
:105FD000FF32841C002314F8015B8D420ED0B2F115
:105FE000FF3F02D1002D08BF1A460133DDB2062D56
:105FF0005BB2F0D1531C01D01044817030BD10B59C
:10600000831C0022083013F8014B8C4208BF03F8B0
:10601000012C8342F7D110BDEF294FEAD10308D8F4
:10602000184401F00701012303FA01F183781943B1
:1060300081707047EF294FEAD10308D8184401F066
:10604000070101238B40817821EA030181707047A9
:1060500010B4094C247803460A463CB1074C94F925
:106060000040002C02DA10BCFFF7D6BF10BC11466E
:106070001846FFF7ABBF00BF780C002000210020BE
:1060800010B4094C247803460A463CB1074C94F9F5
:106090000040002C02DA10BCFFF7CCBF10BC114648
:1060A0001846FFF7ACBF00BF780C0020002100208D
:1060B000074B1B78023043B1064B93F90030002B9D
:1060C00003DA1E220021FBF7CBBE0622FAE700BF4F
:1060D000780C002000210020704708B5FFF7FCFF76
:1060E00008BD000008B50028034B14BF02200120A2
:1060F0001870FFF7F2FF08BD3811002008B5034BF8
:1061000003201870FFF7E9FF08BD00BF3811002019
:10611000FFF7E8BF08B5034B01201870FFF7DDFF5C
:1061200008BD00BF38110020FFF7F4BF08B500F02C
:106130009BFEBDE8084000F05FBC08B5FDF7F2FA31
:10614000BDE80840AA2000F016BE7047704710B5A1
:10615000FFF7FBFFFFF726F8FFF7F8FF0024E0B298
:10616000FEF77CFF18B901340F2CF8D110BD0120C7
:10617000FCE708B5FEF74CFBFEF760FBFEF712FBF1
:10618000FFF72AFB0020FFF7B9FE0020FFF7C6FE4D
:10619000BDE80840FDF7CEBA202383F31188044BF5
:1061A0001A6A002383F31188024B1A60704700BFFC
:1061B000F82100203C110020FFF7EEBF38B5202366
:1061C00083F311880B4B196A002383F311880A4B60
:1061D0001B684FF47A70C91A42F20F740025E0FB75
:1061E000014542F21072002320462946FBF796FB38
:1061F00038BD00BFF82100203C11002008B5FFF792
:10620000DDFF80B208BD10B50446FFF7D7FF001BC5
:1062100080B210BD08B54FF47A7000F0ACFD00BE3E
:1062200008BD000010B5084A084C117824784B1CB2
:1062300003F00F039C421DBF054C137060540020F7
:1062400018BF012010BD00BF3021002031210020E7
:1062500020210020202383F31188002383F3118859
:106260007047704738B5094C104622460D4600214C
:1062700042F8041F40EA0520194600F0E9FA2060C0
:106280006068002818BF204638BD00BF40110020BC
:1062900090F87A10054B02291A7804D1012A01D00E
:1062A000062A02D15A78024B1A70704798110020C2
:1062B0007011002010B504460846052921D8DFE8F2
:1062C00001F01A20031A1A1E202383F311880D4AA5
:1062D0002046012100F02BFE0B4A0221204600F04F
:1062E00026FE002383F31188084B1B7813B1052089
:1062F000FFF798FF0220BDE81040FFF793BF05208D
:10630000F9E710BD289900604C99006091110020B8
:1063100038B505460C46202383F311880E4B1A78B6
:10632000042A03D0002383F3118838BD1A89520749
:1063300007D55B69586964210C3000F029FD0130F4
:10634000F0D0064A044854700323240A0221157031
:10635000947000F03EFEE5E76022002092110020DC
:1063600070B504460648C3680D460BB100F09EFBAD
:106370002B462146034A0248BDE8704000F07CBB32
:106380005C1100208963006070B52023064683F30A
:1063900011880378042B03D0002383F3118870BD88
:1063A000154B1B78DB09F7D1144C2278002AF3D067
:1063B000134B1B78002BEFD003899B0704D4114AA1
:1063C0000823012100F005FE247842F21073A4FB9B
:1063D000034540F2E73020184FF000014FF47A7285
:1063E0004FF0000345EB0101FBF798FA31468000BE
:1063F000FFF7B6FFD0E700BF0021002058110020B2
:10640000780C002071110020F8B590F8743003F07A
:106410007F02212A044674D113F0800F90F8750092
:1064200021D0022819D003280ED0012869D194F870
:1064300078302BB9424AA2662022E2662367F8BD73
:106440000023A366E366F9E7B4F87830002B58D14F
:106450003C4AA2660120E066F0E73B4BA3660120C0
:10646000E0660023EAE70A2842D00B280DD009286D
:1064700047D194F87830012B43D8344BA3660223DC
:10648000E366334B23670120D9E7B4F878305BBB70
:1064900094F876502B4B002D14BF01210021197068
:1064A0002C4B1A7861F3C7121A701DD1264B1A783B
:1064B000D2B1202282F311881E7842F21073A6FB1B
:1064C000036740F2E73030184FF000014FF47A7262
:1064D0004FF0000347EB0101FBF720FA2146800053
:1064E000FFF73EFF85F311880023A366E366C9E743
:1064F0001849154B0D7894F877201A70ED09F3D1EF
:10650000D6E7B4F8742040F281639A4201D00020AB
:1065100095E794F87920616894F878304D6894F89C
:10652000771043EA0223204694F87620A8470028F3
:10653000EDD04368A3660368E3660023A2E700BFCB
:1065400071110020780C00205811002098110020B3
:1065500091620060002100207047000008B5102201
:1065600004480021FBF77CFC034A00231370034A14
:10657000137008BD2021002030210020312100208F
:10658000F8B5294D294E2C4630782B78284F00211C
:10659000984230D101B12070F8BD2370254B012203
:1065A0001A70254B93F87F10081E18BF0120FFF7C3
:1065B000A5FDE9E723701F4B00221A70FFF7D9FDF4
:1065C0001D4B93F87F10081E18BF0120FFF7A0FD98
:1065D000DAE72370184B93F87F10081E18BF0120CC
:1065E000FFF780FDD0E7002123700846F8E723700D
:1065F000FFF790FDC8E71A460133BA5C03F00F03BA
:106600000121052AC4D80FF2080C5CF822F000BF63
:10661000EF65006091650060D3650060E76500602C
:106620009B650060B56500603121002030210020AD
:1066300020210020911100206022002038B50D4D4E
:106640002B68002201210446986802F0F1FC43F611
:10665000982000F090FB0849204600F028FC2B68A9
:1066600000229868114602F0E3FC044B0022DA6035
:1066700038BD00BF5C220020709900605C110020D2
:1066800038B50B4D044600F028FC2B6800229868B2
:10669000012102F0CDFC2046064900F008FC2B68E1
:1066A000002298681146BDE8384002F0C1BC00BF26
:1066B0005C22002070990060014B1878704700BF81
:1066C0007011002070B52023044683F311881D4DFE
:1066D0002B78042B2E4620D11B4A2B8992F90020BF
:1066E000002A1EDA194A1278DAB15A070BD420238D
:1066F00022460221134800F06CFC20222146144857
:10670000FBF714FB09E06B6958694FF0FF310C305F
:1067100000F03EFB2B78042BE9D0002383F3118893
:1067200070BD9B0703D4082322460121E2E73369A9
:1067300058694FF0FF310C3000F02AFB3378042BFE
:10674000EBD1F0E76022002000210020780C00202F
:106750007111002010B52023044683F311880D4BDE
:106760001A78042A03D0002383F3118810BD1A89F4
:10677000520707D55B69586964210C3000F008FBAB
:106780000130F0D0034806232246022100F021FC0C
:10679000E9E700BF6022002001460320FFF7B8BDF3
:1067A00001460420FFF7B4BD70477047704708B535
:1067B000FFF7FAFF00F08BFEFFF7F7FF08BD08B503
:1067C00000F08DFEFFF7F2FF08BDFFF7ADBC000043
:1067D00008B5FFF7C3FE0648FFF730FF054B064A32
:1067E0001A604FF4FA70BDE8084000F0C4BA00BF68
:1067F00060220020AC1100207C0C0020014B1868A6
:10680000FFF74CBBAC11002038B50F4CFFF7B8FEBA
:106810002378052B16D125462378052B05D0FEF7C6
:1068200053F8BDE83840FEF7F9BEFFF786FCFFF7E6
:106830008EFC0028F0D0284600F0DDFB2846FFF74C
:106840001FFFE9E738BD00BF60220020704700004D
:1068500010B5040A032C0FD007D8012C21D0022C2C
:1068600007D1144B3B20136010BD212C0DD0222CDE
:1068700011D000200346F6E7C0B20228F9D80E4B2B
:106880000E4953F82030085CEDE769B10129F0D1D9
:106890000B4B0920E7E751B10129EAD1094BB6209A
:1068A000E1E7094B1220DEE7084B0920DBE7084B44
:1068B0004020D8E78F990060809900608C99006033
:1068C000BA990060849A0060CA990060A19900603A
:1068D000DC990060024B034A1A60034A5A60704711
:1068E000342100200023002000000820094B30B58F
:1068F0001C684D1E224449422A440A4059681044EB
:10690000814204D3844202D81860104630BD002270
:10691000FBE700BF3421002008B5202383F3118852
:10692000FFF7E4FF002383F3118808BD70B5BFF3C0
:106930004F8FBFF36F8F1A4B0021C3F85012BFF374
:106940004F8FBFF36F8F5A6942F400325A61BFF321
:106950004F8FBFF36F8FC3F88410BFF34F8FD3F8FF
:106960008020C2F3C900C2F34E32520143F6E074F4
:1069700002EA0406014646EA81750139C3F860520D
:10698000F9D2203A12F1200FF2D1BFF34F8F5A699A
:1069900042F480325A61BFF34F8FBFF36F8F70BDE7
:1069A00000ED00E0FEE700001149F0B508200026E8
:1069B00091E81C00043A1D46AC4210D8E21CD21AE1
:1069C000DD1E22F00302AC4238BF00221344CA6825
:1069D0009A4209D8013801F11001E9D1F0BD52F80D
:1069E000047F45F8047BE7E743F8046BF0E700BF5A
:1069F0003C9B0060FEE7000010B50D4C00F08AF8EB
:106A000000F02CF8FFF766FF0A498022204600F0CC
:106A100065F9012344F8180C037400F0D9F9002338
:106A200083F3118862B60448BDE8104000F086B9CF
:106A300020220020BC9B0060C89B006072B6014B06
:106A40005862FEE7F8210020034B1A69937C0BB1D2
:106A5000013B937400F03CB8F8210020054B03F192
:106A600014025A619A614FF0FF32DA6100221A6211
:106A7000704700BFF821002010B5C2600A4A0361C8
:106A800053699C68A1420CD85C68816003604460D3
:106A9000206058609868411A99604FF0FF33D361C5
:106AA00010BD1B68091BECE7F82100200368816812
:106AB0009A680A449A60426813605A600023C3606F
:106AC000024B4FF0FF32DA61704700BFF82100201F
:106AD00038B50F4C226A21460132226251F8142F38
:106AE0008A4206D09368013B9360202563699A68C7
:106AF00002B138BD1968586801604860D968DA6029
:106B000082F311881869884785F31188EEE700BF82
:106B1000F8210020024B00221B605B609A607047E6
:106B2000F8210020002303748268054B1B689968D4
:106B30009142FBD25A68036042601060586070470F
:106B4000F821002008B5202383F31188027C00235C
:106B5000052A06D8DFE802F00B050503120E42698C
:106B600013604FF0FF334361FFF7DCFF002383F333
:106B7000118808BD426993680133936042680368D5
:106B800013605A60EDE70000002303748268054B30
:106B90001B6899689142FBD85A6803604260106094
:106BA00058607047F8210020064B196914220874B8
:106BB00018688A7402681A605360186101230374AC
:106BC000FAF796BEF821002030B54B1C0B4D87B06C
:106BD000044610D02B690A4A01A8FFF74DFF204652
:106BE000FFF7E2FF049B13B101A8FFF75FFF2B69DA
:106BF000586907B030BDFFF7D7FFF8E7F82100204C
:106C0000456B006038B50C4D41612B6981689A680D
:106C10009142044603D8BDE83840FFF783BF1846C9
:106C2000FFF7B2FF01232C61014623742046BDE823
:106C30003840FAF75DBE00BFF8210020084B1A6803
:106C400090681A699368927C22B1984294BF0020A0
:106C500001207047984234BF00200120704700BFD8
:106C6000F821002010B5084C236820691A682260BA
:106C70005460012223611A74FFF786FF01462069E0
:106C8000BDE81040FAF734BEF8210020044B1A6822
:106C90001B6992689B689A4201D9FFF7E3BF70476E
:106CA000F821002010B50C4C226820691168216081
:106CB0004C60012122611174827C4AB9FFF732FFD6
:106CC0001423014683742069BDE81040FAF710BE12
:106CD000FFF75AFF0146F6E7F82100200221826003
:106CE00001820262142100228174C26182617047B4
:106CF0008368C168A3F14C0243F81C2C026943F875
:106D00004C2C426943F8482C0B4A43F82C2C0222A5
:106D100003F8182C1420002203F8160C43F8201C4A
:106D200003F8172C43F8081C43F80C2C43F8102CDC
:106D3000A3F12800704700BF0119006010B520239F
:106D400083F31188FFF7D4FF00210446FFF75AFFB1
:106D5000002383F31188204610BD0000024B1B69FD
:106D600058610F20FFF720BFF8210020202383F374
:106D70001188FFF7F3BF08B50146202383F311887C
:106D80000820FFF721FF002383F3118808BD0000CE
:106D9000054B1B6921B1036058610320FFF714BF45
:106DA0004FF0FF30704700BFF82100200346006815
:106DB00020B100221A604161FFF7B4BE7047EFF3C3
:106DC0000983203383F30988002383F311887047F4
:106DD000202080F3118862B60D4B0E4AD96821F449
:106DE000E0610904090C0A430B49DA60CA6842F001
:106DF0008072CA60094A0A49C2F8B01F116841F09E
:106E0000010111601022DA7783F82200704700BF79
:106E100000ED00E00003FA05F0ED00E0001000E0F6
:106E200055CEACC510B5202383F311880B4B5B689E
:106E300013F400630FD0EFF30984203C4FF080730C
:106E4000E36184F30988FFF7F9FE10B1044BA361F5
:106E500010BD044BFBE783F31188F9E700ED00E078
:106E6000131900601619006008B500F09BFB054877
:106E700001F04AF800F00AF8FFF7A1FCBDE808406D
:106E800000F002B8E69B006001F080B901F080BA22
:106E9000012303700023436000F12C0200F148013C
:106EA00042F8043B8A429361FAD18360704738B557
:106EB0000446202383F3118800254160C5600561E5
:106EC00045618561C56105624562856201F088FAA8
:106ED0000223237085F3118838BD70B52023044642
:106EE00083F31188254601F091FA0026012366609C
:106EF00005F80C3B2C3455F8043B7BB1586920B1A4
:106F00006FF001010C30FFF751FF55F8043C986910
:106F100020B16FF001010C30FFF748FFA54245F8A2
:106F2000046CE8D1FFF7B2FE86F3118870BD70B52E
:106F300000EB810305465069DA600E46144618B12D
:106F400010220021FAF78CFFA06918B1102200214D
:106F5000FAF786FF31462846BDE8704001F0CABA0C
:106F6000F8B5836803F001130446836000F110054F
:106F700000F12C06002755F8043B7BB1586920B17D
:106F80006FF001010C30FFF711FF55F8043C9869D0
:106F900020B16FF001010C30FFF708FFB54245F852
:106FA000047CE8D12046BDE8F84001F0E7BAF0B42F
:106FB00000EB81044789E4680125A4698D403D43C5
:106FC000458123600023A2606360E360F0BC01F0B0
:106FD000E7BAF0B400EB81040789E468012564692D
:106FE0008D403D43058123600023A2606360E36020
:106FF000F0BC01F0E7BA70472DE9F041022300250B
:1070000004460370C567856000F10C0600F12C078B
:107010004FF0200856F8043BABB188F3118856F8BE
:10702000043C586920B16FF001010C30FFF7BEFE3F
:1070300056F8043C986920B16FF001010C30FFF75D
:10704000B5FE85F31188BE4246F8045CE2D184F8AF
:107050006450204601F0F0F963681B6823B12046B4
:107060000021BDE8F0411847BDE8F081F8B503788C
:1070700080F880300523037043681B6804460BB119
:10708000042198470026A66004F10C0520272C3423
:1070900055F8043BABB187F3118855F8043C5869A7
:1070A00020B16FF001010C30FFF780FE55F8043C71
:1070B000986920B16FF001010C30FFF777FE86F37D
:1070C0001188A542E4D1F8BD90F880204368027091
:1070D0001B680BB1052118477047000070B590F888
:1070E0006430044613B1002380F8643004F1740264
:1070F000204601F054FA63689B68B3B994F8743081
:1071000013F0600539D00021204601F06FFA00210C
:10711000204601F065FA63681B6813B1062120461A
:107120009847062384F8643070BD204698470028AD
:10713000E4D094F87B2094F87A3043EA0223E26E9C
:107140009A4288BFE36694F97430E56E002B4FF0E5
:10715000200380F20881002D00F0F780092284F8D6
:10716000642083F311880021E36EA26E2046FFF7AE
:1071700030FF002383F31188D6E794F8752003F0DD
:107180007F0343EA022340F20232934200F0CA80B6
:1071900021D8B3F5807F4DD00DD8012B44D0022BE0
:1071A00000F09880002BAED104F17C02A26602228E
:1071B000E2662367BDE7B3F5817F00F0A080B3F5F9
:1071C000407FA0D194F87630012B9CD1B4F87C306C
:1071D00043F0020337E0B3F5006F52D01CD8B3F58B
:1071E000A06F36D0A3F5C063012B8CD894F879201A
:1071F000616894F878304E6894F8771043EA022377
:10720000204694F87620B04700283FF47CAF4368CE
:10721000A3660368E3661AE0B3F5106F36D040F654
:10722000024293427FF46FAF5B4BA3660223E36697
:107230000023BEE794F87630012B7FF464AFB4F8F6
:107240007C3023F00203A4F87C30A566E566256750
:107250006FE7B4F87430B3F5A06F0ED194F87630C0
:1072600084F87E30204601F017F963681B6813B17B
:10727000012120469847032323700023A366E36679
:1072800097E704F17F03A3660123C3E72378042B68
:1072900010D1202383F311882046FFF761FE85F388
:1072A00011880321636884F87F5021701B680BB13B
:1072B0002046984794F87630002BDED084F87F3053
:1072C0000423237063681B68002BD6D0022120465C
:1072D0009847D2E794F878301D0603F00F01204656
:1072E0000AD501F054F9012804D002287FF40BAF2D
:1072F0002A4B9AE72A4B98E701F041F9F3E794F813
:107300007630002B7FF4FFAE94F8783013F00F0145
:10731000B3D01A06204602D501F076F9ADE701F0A8
:107320006DF9AAE794F87630002B7FF4ECAE94F870
:10733000783013F00F01A0D01B06204602D501F0D3
:1073400055F99AE701F04CF997E7142284F8642084
:1073500083F311882B462A4629462046FFF727FE4D
:1073600085F31188E0E65DB1152284F8642083F38B
:1073700011880021E36EA26E2046FFF718FEF8E6A2
:107380000B2284F8642083F311882B462A46294671
:107390002046FFF71EFEE3E7E49B0060E09B0060F1
:1073A000E29B006038B590F864300446002B42D070
:1073B000063BDAB20F2A38D80F2B36D8DFE803F0B5
:1073C0003B353508263635353535353535353B3B96
:1073D00090F87B1090F87A20C36E42EA0122934223
:1073E00014D2C268128AB3FBF2F502FB15356DB9EF
:1073F000202383F311882B462A462946FFF7E9FD0F
:1074000085F311880A2384F864300EE0142384F88D
:107410006430202383F3118800231A46194620463E
:10742000FFF7C5FD002383F3118838BD036F03B157
:1074300098470023E7E70021204601F0D7F8002114
:10744000204601F0CDF863681B6813B10621204681
:1074500098470623D7E710B590F86430142B0446FC
:1074600029D017D8062B05D001D81BB110BD093B78
:10747000022BFBD80021204601F0B8F8002120465D
:1074800001F0AEF863681B6813B1062120469847E7
:10749000062319E0152BE9D10B2380F86430202353
:1074A00083F3118800231A461946FFF792FD002343
:1074B00083F31188DAE7C3689B695B68002BD5D139
:1074C000036F03B19847002384F86430CEE7704718
:1074D00008B500F069F8BDE8084000F019BC704735
:1074E000162303604FF0FF307047002070471846A6
:1074F00070470020704710B500220446084601215D
:10750000FFF70AFA18B90C2323604FF0FF3010BDC3
:1075100008B51346002158221846FAF7A1FC4FF48B
:1075200000524260002008BD0120704708B50248A3
:10753000FFF784FAFAF76CFBE69B00604FF0FF3030
:10754000704701207047704700F1604303F56143C5
:107550000901C9B283F80013012200F01F039A4009
:1075600043099B0003F1604303F56143C3F88021A5
:107570001A60704700F01F03012142099940044B33
:107580002032184443F82210002380F8003370475B
:1075900000E100E000F16040090100F56D40C9B272
:1075A00001767047704700000F4A08B5136843F032
:1075B0000C03136000F080FB0C4B4FF0FF329A6617
:1075C000DA661A675A6703F5A6130522C3F848213D
:1075D000074B5A6842F008025A600822C3F8842018
:1075E000044B9B6808BD00BF78C00F4000C00A4034
:1075F0000040004200ED00E038B5C3B203F1804323
:1076000003F57C23C0F304251C68820EA940C0F357
:107610004C30A840614008406040202A186006D9DC
:10762000074B084A084840F29F41FAF7F9FA05D09B
:107630000123064993408A6C1A42FCD138BD00BF31
:10764000EB9B0060609C0060099C006000C00F40E4
:1076500038B5C3B203F1804303F57C23C0F304259E
:107660001C68820EA940C0F34C30A840614008401D
:107670006040202A186006D9074B084A084840F2A3
:107680007A41FAF7CDFA05D00123064993408A6C76
:107690001A42FCD138BD00BFEB9B0060539C0060D8
:1076A000099C006000C00F4010B50749040A03227E
:1076B00051F8243000F01F0002FA00F023EA000025
:1076C00041F8240010BD00BF68C00F4038B5DD4B45
:1076D0004FF400421A60DC4BD3F8C02242F48032EF
:1076E000C3F8C022D3F8C02222F40032C3F8C0226B
:1076F000D64BD74A1A60002000F008FC00F038FC96
:10770000012000F029FCD34AD348136823F0FF037B
:1077100043F07F0313600121FFF79AFFCF48012157
:10772000FFF796FFCE4BDA6822F01F0242F01302F9
:10773000DA601A68002AFCDA0021CA48C24CFFF756
:107740005BFF4FF48870FFF7AFFF4FF48470FFF7D3
:10775000ABFF40F21620FFF7A7FF4FF40670FFF7CC
:10776000A3FF40F20E20FFF79FFFBF480321FFF762
:1077700043FFBE480121FFF73FFF0021BC48FFF750
:107780003BFF4FF48A70FFF78FFF4FF48B70FFF7CA
:107790008BFF1820FFF788FF1A20FFF785FF4FF4B3
:1077A0008670FFF781FF0121B248FFF725FF40F205
:1077B0000260FFF779FFB0480121FFF71DFF0021AC
:1077C000AE48FFF745FF40F20460FFF76DFFAC489D
:1077D0000121FFF711FF0021AA48FFF739FF4FF4FD
:1077E0004170FFF761FF07214FF21400FFF704FF1C
:1077F000A5480021FFF72CFF0021A448FFF728FF30
:107800004FF48070FFF750FF4FF48170FFF74CFF8B
:107810004FF48270FFF748FF4FF48370FFF744FF87
:107820009B480421FFF7E8FE02219A48FFF710FF6A
:107830001620FFF739FF98480321FFF7DDFE0021EE
:107840009648FFF705FF40F21250FFF72DFF9448CE
:107850000321FFF7D1FE93480121FFF7CDFE002160
:107860009148FFF7F5FE40F21450FFF71DFF8F48D7
:107870000321FFF7C1FE8E480121FFF7BDFE002165
:107880008C48FFF7E5FE40F21650FFF70DFF8A48DF
:107890000321FFF7B1FE89480121FFF7ADFE00216A
:1078A0008748FFF7D5FE40F20620FFF7FDFE4FF4B4
:1078B0000270FFF7F9FE40F20A20FFF7F5FE81485B
:1078C0000021FFF799FE00217F48FFF7C1FE0E203F
:1078D000FFF7EAFE1220FFF7E7FE40F20670FFF71F
:1078E000E3FE1020FFF7E0FE1420FFF7DDFE4FF46B
:1078F000E160FFF7D9FE75480121FFF77DFE022107
:107900007348FFF7A5FE4FF4A360FFF7CDFE1C20E0
:10791000FFF7CAFE0C20FFF7C7FE4FF48C70FFF78D
:10792000C3FE40F20230FFF7BFFE40F20630FFF721
:10793000BBFE40F21A50FFF7B7FE40F20E60FFF7B1
:10794000B3FE64480021FFF757FE00216248FFF7AD
:107950007FFE40F20A30FFF7A7FE60480121FFF7E3
:107960004BFE5F480321FFF747FE05215D48FFF707
:107970006FFE40F20E50FFF797FE5B480121FFF7C4
:107980003BFE5A480721FFF737FE03215848FFF70F
:107990005FFE40F20250FFF787FE56480121FFF7D5
:1079A0002BFE55480721FFF727FE03215348FFF719
:1079B0004FFE4FF44070FFF777FE51480121FFF76B
:1079C0001BFE50480721FFF717FE4F480321FFF722
:1079D0003FFE00214D48FFF73BFE4D4800F0FAFA0C
:1079E0004C4800F019FB1B21002000F0A9FB1021DE
:1079F000012000F0A5FB1821022000F0A1FB1021BE
:107A0000032000F09DFB00F08BFB434B4FF48032D2
:107A10001A60D4F8702122F40042C4F87021D4F81E
:107A2000702122F40002C4F87021226F42F4005247
:107A30002267D4F8A02022F40052C4F8A020D4F881
:107A4000A0206BE04822002000800D40442200204E
:107A500000366E0100C00F40186C0080143900140D
:107A60000000084014EA00041468008010E00040A0
:107A700014FB00801CE0078024EB00801C30008099
:107A800024F000801C310080142700801426008020
:107A900018FA00801864008024790080186E008035
:107AA00028E6008028E007801C6A00802CE6008021
:107AB0002CE007801C6C008028F6008028F00780EE
:107AC0001C6E008038F307803832008020E2078087
:107AD0002068008024E007802426008038EC0080A5
:107AE00018F7008038EF008030F9008030F6008011
:107AF0003074008030EC008030E900803067008016
:107B000028E9008028F90080207300800C20008084
:107B1000709C0060789C006074800D4022F4E0321C
:107B200042F48032C4F8A0200022C4F8B020012220
:107B3000C4F8C020D4F8A020D4F8701122F4415227
:107B400022F03F0242F4022242F01F0241F0404183
:107B5000C4F87011C4F8A020D4F8A030002BFBDAD0
:107B60004B4B4FF480351D6000F0E2FA494B1D602D
:107B7000D4F8E03023F0030343F00103C4F8E0300D
:107B8000D4F8E03043F40053C4F8E030D4F8E030E7
:107B900023F00C03C4F8E030D4F8E03043F4801351
:107BA000C4F8E030D4F8E03043F40013C4F8E03017
:107BB00000F0B0FA384B39481D60236A43F4005393
:107BC00023620321FFF744FD35480021FFF740FD04
:107BD00034480021FFF73CFD33480021FFF738FD12
:107BE000D4F8603123F01F03C4F860312F4B1A6EB4
:107BF00022F070021A661A6E22F00F0242F00102A1
:107C00001A661A6E22F460021A661A6E22F4F812CC
:107C100042F490121A661A6E22F480721A661A6E74
:107C200022F080021A661A6E22F080721A66A3F59C
:107C3000A0235A6822F007025A605A6822F03802DC
:107C40005A605A6822F0C0025A605A6822F44072A0
:107C50005A605A6822F440625A609A6822F09F6221
:107C600022F4E0229A605A6822F400525A605A685C
:107C700022F480425A605A6922F080525A615A694D
:107C800022F000525A610A4B0A4A1A6038BD00BFFE
:107C9000A8800D40E4800D4024800D4018720080C3
:107CA00014390014186C00801C26008000C00F409E
:107CB000940C00200046C323FFF708BD72B6114B99
:107CC000114A9A60114B4FF0AA325A64BFF34F8F9A
:107CD000BFF36F8F1A6C22F001021A641A6C42F023
:107CE00006021A64BFF34F8FBFF36F8F9A6B22F4B3
:107CF0007F0242F420029A63BFF34F8FBFF36F8F6E
:107D0000F9F7F2BD00ED00E00014006000C00A4089
:107D1000124B00225A601022DA60114A1A611122B5
:107D2000DA60104A1A61104ADA60104A1A61104A81
:107D3000DA60104A1A61104ADA60104A1A61104A71
:107D4000DA60104A1A61104ADA60104A1A61104A61
:107D5000DA60104A1A6101225A60704790ED00E023
:107D60003F0000100900100012002000210002074F
:107D700013000020250008131400202027000B13F7
:107D80001500004033001013160000602F000B0791
:107D9000170000702F000B13034B00685B5CD8408A
:107DA00000F00100704700BF060D0020054B595C34
:107DB00001238B40012A0CBFC0F88430C0F8883002
:107DC000704700BF060D0020F0B54A4B45695B5C6B
:107DD000012404FA03F325EA0305DC434561162A6E
:107DE0001CD8DFE802F00C720C3545720C211B1B0D
:107DF0001B1B1B1B1B1B555D646B727980003E4D6A
:107E00003E4E6D5C043506EB850505276F603C4DE5
:107E1000695C803106EB810630217160062A13D13E
:107E2000426813434360F0BD334B344A5B5C043318
:107E300002EB830305255D60314B5B5C803302EB15
:107E400083024FF40063536043681C404460EAE7D8
:107E5000294B2A4A5B5C043302EB830305255D60F2
:107E6000274B5B5C803302EB83024FF4E043EAE78D
:107E7000214B224A5B5C043302EB830305255D60E2
:107E80001F4B5B5C803302EB83024FF44053DAE715
:107E9000194B5A5C1B4B9200134401225A60D3E7E2
:107EA000154B5A5C174B920013440222F6E7124B13
:107EB0005A5C144B920013440322EFE70E4B5A5CBA
:107EC000104B920013440422E8E70B4B5A5C0D4B15
:107ED000920013440522E1E7074B5A5C094B9200DC
:107EE00013440622DAE7044B5A5C064B9200134413
:107EF0000722D3E7060D0020980C002000801F40C9
:107F0000CF0C002010801F407047000008B528B13A
:107F10000D4B0E4A0E48C121F9F782FE0D4B4FF072
:107F20008042C3F85821D3F87022D103FBD54FF417
:107F30008032C3F85421D3F850211204FBD54FF4FA
:107F40008032C3F8582108BD8C9C0060E39C00601F
:107F50009B9C006000800D40044B102210B9C3F8B8
:107F600074227047C3F87822704700BF00800D402C
:107F7000034AD2F8703243F00103C2F870327047FE
:107F800000800D40104AD2F8803043F00303C2F85D
:107F9000803002F5F212D2F8403143F00203C2F809
:107FA00040310A4B00BF013BFCD1094AD2F82031D5
:107FB00023F4F85323F0010343F4B85343F00103CF
:107FC000C2F820310120704700C00F40801A06001F
:107FD00000800D400F4B02791968920321F4E031C3
:107FE00092B20A4342F480321A601968026821F49E
:107FF000415102F07F0221F03F010A4342F4005256
:108000001A601A68002AFCDA1A6822F480321A60B0
:10801000704700BF00800D40184B027B196B920324
:1080200021F4E03192B20A4342F480321A63196BB0
:10803000027821F4405121F0010102F001020A43CB
:1080400042F400521A634268C18922F040421A6524
:10805000826822F040421A66428AC2F30E0242EA65
:108060000142017CC90389B20A431A641A6B002ACF
:10807000FCDA1A6B22F480321A63704700800D40DC
:108080000F4B42781969920321F4E03192B20A430E
:1080900042F480321A611969027821F44151520088
:1080A00002F0020221F002010A4342F441521A6135
:1080B0001A69002AFCDA1A6922F480321A617047C0
:1080C00000800D4007B50023ADF804300F4B1A694E
:1080D000920416D51A6942F040021A610C4B1A6BD1
:1080E00022F000421A631A6B22F080421A630022C7
:1080F0001A601A6B012042F4C6121A6303B05DF8CD
:1081000004FB01A8FFF7BCFFE8E700BF00800D40BB
:1081100000900D40014B00221A62704700800D4014
:10812000024B4FF480521A67704700BF00800D4029
:10813000024B4FF48052C3F8E020704700800D409E
:1081400010B50A4CC000D4F80021BF23834022EAB6
:10815000030201F03F018023834081401343114318
:10816000C4F80031C4F8001110BD00BF00800D40FC
:1081700008B5202383F31188FEF766FC002383F300
:108180001188BDE80840FEF74DBE0000054B4EF6D5
:108190005F225A6000229A6007221A6008210B2091
:1081A000FFF7F8B910E000E0022908B508D003296C
:1081B0000AD0012902D10648FEF71EFF002008BDA3
:1081C0000348FEF753FFF9E70148FEF77DFFF5E7A7
:1081D0006022002070B5234C057AE66842688DB1B4
:1081E000A368016823F0011304F17400A360F9F798
:1081F0009DFD736813B90025284670BD00212046F7
:108200009847F8E7501C2AD0C1B96389B06923F0B8
:1082100001039BB263814260F268002AEBD0638164
:1082200020469047202383F31188E36898694168CA
:108230000C30FEF7BBFD85F31188DDE7238923F0C1
:1082400001032381B368002BD5D0294620469847E7
:10825000202383F31188E36829465869E8E7052558
:10826000CAE700BF6022002008460021FFF7B2BF26
:1082700008460121FFF7AEBF07B50B4B40EAC1101E
:108280008DF8040001AA1868052100F051FB40B9DF
:10829000BDF80630012B14BF0220012003B05DF8A9
:1082A00004FB0220FAE700BF5C22002070B50C7AC4
:1082B000FCB94B6801331ED01048D1B28D1C01238C
:1082C00000EB850503FA01F203896E6823EA0203D5
:1082D0000381B3685BB19847202383F311886B68EF
:1082E000586921460C30FEF761FD84F31188204661
:1082F00070BD0124FBE70524F9E700BF60220020E0
:10830000F8B50C7A14BB4F687B1C21D01148D1B250
:108310008D1C00EB850501236E6803FA01F2438989
:1083200023EA0203B26943815760F26862B1438174
:108330009047202383F311886B68986941680C305B
:10834000FEF734FD84F311882046F8BD0124FBE7D5
:108350000524F9E7602200200B4B186883685B68EE
:1083600010B5D3F84441D3F848311C4000F0E5FF84
:10837000230604D505484368DB6803B19847BDE888
:108380001040FEF74FBD00BF5C220020602200209D
:1083900013B50E4C0E48FEF77BFD03220D4901A8D4
:1083A000F9F7C4FC21460020FFF78CFE214600208F
:1083B000FFF7E8FD01AA0021022001F06BF9064A4F
:1083C0000649022000F0E8F902B010BD00389C1CFC
:1083D000602200202C9700605C220020A9810060B0
:1083E00008B50378012B0CD1064B984209D1064BF6
:1083F000186800F0B0F9BDE8084003217120FFF7CC
:10840000A3B808BD602200205C22002008B50378D4
:10841000012B0BD1064B984208D1064B186800F08F
:108420009EF9BDE808407120FFF7A4B808BD00BF61
:10843000602200205C22002010B5124B124C134A1F
:10844000C36086B0124B039301920023206804930B
:1084500003AA01A9ADF8083000F00AFA78B90D4B6B
:1084600004908DF8060003AA2068039301A900F088
:10847000FFF920B19DF80610206800F018FA06B048
:1084800010BD00BFFC9C00605C220020400080000A
:10849000718200606982006073B5154C0546002644
:1084A00020688DF807600DF10702062100F040FA00
:1084B0009DF80730032B0DD0022B09D895F87E309C
:1084C0008DF807300DF107020721206800F051FAFE
:1084D00002B070BD20683246072100F04AFA002839
:1084E000F6D101238DF807300DF107020621ECE7E4
:1084F0005C22002030B5082987B00C4612D800EB6A
:108500008100C568AA696B6902B95BB1184A039218
:108510002A688DF8072000220494ADF808201BB9C2
:10852000AB698BB907B030BD64F07F038DF80630BE
:108530002B8AADF804300F4B03AA186801A900F08C
:1085400097F90028ECD0EDE78DF80640094C0A4B6E
:10855000039320686B8AADF8043003AA01A900F0E8
:1085600087F90028DED02068802100F0A0F9D9E743
:10857000AD8200605C220020018300607047072903
:10858000084602D80021FFF777BE00207047072970
:10859000084602D80121FFF76FBE002070477047E0
:1085A00000EB8100C3689A695B8A106898420448AE
:1085B00088BF136013680068926800F055B900BF67
:1085C0005C22002000EB810041F08001C368034879
:1085D0005A6900681368926800F040B95C22002074
:1085E000014B186800F082B95C220020024B41F078
:1085F0008001186800F07AB95C220020014B1868ED
:1086000000F085B95C220020024B41F0800118681F
:1086100000F07DB95C22002020B1C36823B15B6902
:108620008068184703207047062070472DE9F743FC
:108630000C4617469846054698B3C3689BB3CE09C7
:1086400046EA4106F6B24FF00C0909FB060999F813
:108650001C3053BB01A801F061F8012389F81C30DC
:10866000019801F060F8EB68A86814F0800F14BF5F
:10867000D3F80890D3F80C90214643463A46C847B1
:10868000044650B101A801F049F80C2000FB065542
:10869000002301982B7701F046F8204603B0BDE88F
:1086A000F0830324F9E70624F7E70224F5E730B561
:1086B000044685B000294AD0002848D00369002B21
:1086C00047D00A7A102A02F00F031FD1012380F845
:1086D000BF3000220E21FFF79FFF0025022384F800
:1086E000BE3084F8BC50234604F1A8025D619D6150
:1086F0001D770C339A42F9D12369002201212046CB
:10870000984784F8BF50002005B030BD062B20D814
:108710005B0043EAD2130C2202FB03025069C0B192
:10872000086801904868497A02908DF80C1061B190
:108730000022227784F828200C2202FB034301A99F
:108740005D699A692046A847DEE71177F4E70320C0
:10875000DAE70120D8E700221146FFF75DBF0022CB
:108760000121FFF759BF37B5044698B1C36823B15B
:108770005B68806898470023E360002501A800F04B
:10878000CDFF0198A56084F8BD5000F0CCFF2846CD
:1087900003B030BD0320FBE72DE9F34106460F4649
:1087A0009046002A52D001A800F0B8FF284B01984B
:1087B0009D681C466DB393F8BD30B34229D100F0DB
:1087C000B2FF0125284602B0BDE8F08184F8BD6003
:1087D00000F0A9FF1E4B276184F8BD6084F8BC50EF
:1087E00084F8BF502F4601350E2D5F619F611F77C2
:1087F00003F10C03F7D1B31E012B10D901A800F02F
:108800008DFF0198A76084F8BD7000F08CFF0625ED
:10881000D8E7002DDAD000F086FF0225D2E70D4B15
:10882000E360C8F80040E3680B4A1B68A2F1080146
:1088300030469847054628B10548FFF794FFC8F829
:108840000070BFE7022384F8BE30BBE70325B9E719
:10885000B8110020209D0060C011002001F00F0120
:1088600041F08001FFF7E2BE01F00F01FFF7DEBE2D
:1088700070B4B8B1C9B1C2B18C7804F00F06062E3D
:1088800013D8E30943EA46030C2606FB03031468E6
:1088900052689A6100221A775C610A4670BC022114
:1088A000FFF7BABE032070BC70470420FBE773B526
:1088B0000C468DF8071001F00F06054690B10DF13A
:1088C00007020321FFF7A8FE062E0DD8E3090C22AC
:1088D00043EA460302FB035300225A619A611A7766
:1088E00002B070BD0320FBE70420F9E707B58DF85F
:1088F000071001F00F01062907D80DF10702042126
:10890000FFF78AFE03B05DF804FB0420FAE707B521
:108910008DF8071001F00F01062907D80DF10702A5
:108920000521FFF779FE03B05DF804FB0420FAE7A8
:10893000DAB1023906291AD8DFE801F00407111369
:10894000090E15000F21FFF767BE1021FBE790F815
:10895000BE3013700020704790F8BC30F9E7062154
:10896000F1E70721EFE70921EDE704207047012037
:10897000704703390B292BD8DFE801F0062A2A09B2
:108980000F2A2A2628222A241121FFF745BEFAB1F0
:10899000137880F8BE300020704790F8BE30032B6B
:1089A0000AD0AAB1137880F8BC30032380F8BE3017
:1089B00000F1BC021421E8E700F1BC020821E4E761
:1089C0000A21E2E70B21E0E70C21DEE70D21DCE7DD
:1089D00001207047F0B5C368036103F1200203F57D
:1089E00000711A6020328A421B68FAD100221A6094
:1089F000102380F8843043688568D3F8401121F44F
:108A00007F01C3F84011D3F84011C3F84011D3F8E7
:108A1000A81141F00801C3F8A811D3F8A81121F05A
:108A20000401C3F8A81100F1140400F14C07294611
:108A30004FF0010E4FF0400CC1F808E00E686CF3E7
:108A40001A460E6044F8042B91F83860626362F3B2
:108A50000006A74281F8386001F14001ECD1C7213E
:108A6000C3F85851C3F85421C3F8481180F8862040
:108A7000F0BD00002DE9F04F0D4689B01F46CB092F
:108A8000490001F01E010592039341EAD51B0446FB
:108A9000002800F0F880836803EB8B134FEA8B18F3
:108AA00093F8386016F0010600F0EF8090F88630F9
:108AB000A3B907F57F533F33B3F5804F07A82CBF09
:108AC0004FEA93394FF0010900F028FE94F884C072
:108AD000CC4507D2079800F026FE0226304609B0A2
:108AE000BDE8F08F4FF00009D4F810A0CE4604EB9B
:108AF0008B01DAF8002002980192B7F5804F5246B8
:108B00003B4628BF4FF48043BEF1000F08BF10461C
:108B10000290012010600020506005980497704476
:108B200090609068DDF804A000F5805020F47F602C
:108B300020F00F00D060D06800F5805010611069FF
:108B400000F580505061506900F580509061506888
:108B500063F31E405060D069D2F808B063F31E3052
:108B6000D06120F0004020F47F60CBF30B0B20F0AD
:108B70000F0040EA0B00FF1AD06102BF506840F4BA
:108B80000040506050684FF0800B6BF3070050605E
:108B9000C86C0CF1FF3C5FFA8CFC9E4400283BD073
:108BA0000260CA64002FA4D1019A226115F00F015E
:108BB00084F884C01CD1039AD2B1A26802EB0800E9
:108BC00090F83800800713D5049888B1D08E984269
:108BD0000ED952F80800C0F30A40B3FBF0FC00FBCA
:108BE0001C332BB952F8083067F35D7342F8083034
:108BF000ED0805F010050D43012303FA05F5B9F161
:108C0000000F21D16368D3F8B0212A4208D0079819
:108C100000F089FD002661E74A61CA64B146C1E7F8
:108C2000D3F8402142F48052C3F84021D3F8B81160
:108C3000D3F84021D204F3D5D3F840210D4222F4D9
:108C40008052C3F84021E2D1A3689844029BC8F83F
:108C500008300023C8F80C30BFF34F8F63680C4A0C
:108C6000C3F8B051D3F8B8112942D0D1013A03D199
:108C7000079800F058FD31E7D3F8BC112942C6D15E
:108C8000C3F8B051EEE7032628E7012626E700BF28
:108C9000809698002DE9FF4702EB410900EB890817
:108CA0000025D8F81440DFF8B8A0019541EAC211B8
:108CB0000646029524F01F044FEA8919CFB214B971
:108CC00004B0BDE8F087019B3BB9A368A28B03EA1F
:108CD0000A03C2F30B021343019363681A065FBFD2
:108CE000E2696168C2F31233C1F30E415DBF029ABB
:108CF0005B1A9B184FF0FF33D8F84C200293D8F83A
:108D00001430934228D1C8F81450C8F84C50B368B6
:108D10004B4401229A60DD6063681B0404D4D8F8D8
:108D2000143033F01F0309D130688DF80C7001A99D
:108D30008DF80D50FFF7BBFC019502953369656016
:108D4000236096F884303461013386F88430D8F893
:108D5000144024F01F04B2E71B68C8F81430DBE7A6
:108D600000F0FFFF73B5254B0093841E03F50073DD
:108D70000193E3B2012B164639D8214B1D78002D03
:108D800037D101221A701F4B1F4ADA601F4A9A60BE
:108D900002AA02EB840483F8870054F8080C586098
:108DA000D0F8402142F00202C0F840211C46D0F821
:108DB00040319B07FBD4D0F8243103F01F03062B6E
:108DC00084F8853017D9D0F8A831216023F0030347
:108DD000C0F8A831D0F8A83143F00203C0F8A83198
:108DE0000848FFF7F7FD3460284602B070BD06253D
:108DF000FAE70325F8E70125F6E700BF00002E405B
:108E00000413002078120020001F0020001800200A
:108E100008B9032070470B4B984202D10A4B00223D
:108E20001A7043680020C3F84801D3F8402122F0AB
:108E30000102C3F84021D3F8402142F00202C3F8F6
:108E400040217047781200200413002001F00F0128
:108E500041F08001FFF70EBE01F00F01FFF70ABEDF
:108E60002DE9FF474FEAD10808F0100801F00F0381
:108E70004C0048EA030304F01E044FF001080F46BB
:108E800008FA03F844EAD1140546002800F084806B
:108E9000684600F043FC0FFA84FE05EB84040023CF
:108EA0006269019322F01F024FF0FF3302931346D1
:108EB0008BB9DFF8E89019461E469C469AB901B175
:108EC0000193AB6803EB8E1E0123CEF8083000231C
:108ED000CEF80C304FE0D97F41F08001D9771B6884
:108EE00023F01F03E4E792F91F00002841DA5068DD
:108EF00000062AD43BB99168938B01EA0901C3F3B8
:108F00000B030B430121E06CD4F814A0824513BF7E
:108F1000DAF80000C4F814C0C4F84CC060615068AE
:108F2000000424D4606930F01F0008BF01262869BE
:108F3000C2F804C010602A6195F88420013285F8D7
:108F40008420626922F01F02B8E76868D0F8B4A1F3
:108F50004AEA080AC0F8B4A1D0F8B4A11AEA080F86
:108F6000FAD1D0F8B8A11AEA080FEFD1C2E701266A
:108F7000DDE701B10193009800F0D5FB46B1002672
:108F800028688DF80C7001A98DF80D60FFF78FFB34
:108F9000304604B0BDE8F0870326F9E700F0FFFF94
:108FA000CA082DE9F04102F0100201F00F0422433B
:108FB000012683689640620042EAD11203EB8213D5
:108FC0004FEA821893F8382005466FF3000283F8C1
:108FD0003820CF09FFF744FF6B68D3F8B021324245
:108FE00024D1D3F8B821324020D1A96841F8082013
:108FF0006CB9D3F8C021002F14BF6FF40D016FF0CE
:109000008D010A40C3F8C0212046BDE8F08103EB82
:109010008404002FD4F8C03114BF6FF40D016FF039
:109020008D010B40C4F8C0311446EDE70224EBE794
:109030002DE9F84F0C4615460646002800F07981C8
:10904000142900F27881DFE811F015001F002800D4
:10905000B600BE00F90027012D0126007601760139
:109060007601760176015C016F0176017601760169
:10907000760153014268D2F8403143F00103C2F84F
:1090800040312046BDE8F88F4268D2F8403123F0E5
:109090000103C2F840310024F3E7002A00F04B81BD
:1090A00092F80290B2F800B092F803A04FEAD90803
:1090B00008F0100809F00F0748EA070349464FF087
:1090C000010808FA03F8FFF7CBFE7068D0F8B0315A
:1090D00018EA030FD5D1D0F8B83118EA0308D0D177
:1090E000B2680AF00303790041EAD911012B4FEA73
:1090F0008114CBF30A0E4FEAD91C02EB81112BD15C
:109100002E8852F80480C6F3C126013666F39F7894
:10911000BEF5806F42F8048028BF4FF4806E165968
:109120006EF31A46165191F838602D7965F34106B1
:1091300081F83860AFB9155945F0005515511559EA
:1091400045F400451551D0F8C021BCF1000F1ED1E7
:109150009B0043F0C0031DE0165968F39F7616513B
:10916000DDE71659B5FA85F56D0965F35D7616519B
:1091700015596FF3CF35155100EB8702D2F8C001B6
:10918000BCF1000F10D19B0043F0C0030FE09B0423
:1091900043F440031343C0F8C03191F8383043F032
:1091A000010381F8383076E79B0443F4400303431E
:1091B000C2F8C031F1E7002A00F0BD80BDE8F84FE9
:1091C0001178FFF7EDBE002A00F0B580117801F0AC
:1091D0000F04650045EAD115CF09AD01FFF740FE48
:1091E000B36871685B5913F4004FC3F3C03210D0F9
:1091F00034B9D1F8C03143F00113C1F8C03140E7B0
:1092000001EB8404D4F8C03143F00113C4F8C03139
:1092100041E744B9002FD1F8C03114BF4FF4803278
:1092200001221343E9E701EB8404002FD4F8C03195
:1092300014BF4FF4803101210B43E7E7002A7AD0B5
:109240001178736811F00F024FEAD1100ED1002887
:10925000D3F8C02114BF6FF480306FF001000240DA
:10926000C3F8C0213046FFF7FBFD14E703EB820390
:109270000028D3F8C02114BF6FF480306FF00100D4
:1092800002EA0002C3F8C021D3F8C02114BF4FF492
:10929000800040200243E3E70124002A3FF4F1AEBE
:1092A0001480F8E6002A46D0137803F00F04062C49
:1092B00041D84268DB0974B16F3402EB8402002BA1
:1092C000526814BF4FF4803301231A4214BF0123A4
:1092D00000236B80DFE6002BD2F8C02114BF4FF4CF
:1092E000803301231A4214BF012300236B80C8E698
:1092F0000AB32B7842685B0643F08073C2F854319E
:10930000C9E6002464F07F01E5B2C9B23046FFF738
:1093100047FE013429463046FFF742FE072CF1D1C3
:109320003046FFF757FBB6E62AB190F88830137045
:10933000B1E60324A5E60124A3E62DE9F04F87B0AA
:10934000002857D084686368D3F84411D3F84821C3
:1093500001EA020A1AF0400FC3F844A118D0D3F86A
:10936000AC21C3F8AC21D3F8BC21C3F8BC214FF029
:10937000FF11C3F8B411D3F8B02112F0FF1FF8D1D8
:10938000D3F8843113F4807337D0012384F8863006
:109390001AF0010F0BD06368D3F8AC61002E36D100
:1093A0006268D2F8BC31C2F8BC31002B78D11AF017
:1093B000040F1FD000238DF8153062680393D2F894
:1093C0008451049315F4807514D1D2F8843113F4C8
:1093D000007F14BF0223002384F8883094F886307D
:1093E00043B110238DF81430206803A9FFF75FF90B
:1093F00084F8865007B0BDE8F08F039304931023E0
:10940000ADF81430206803A9FFF751F9C0E7002533
:10941000012726FA05F3D8075FFA85F83CD5A3683B
:1094200003EBC51B41461BF8302F2046D2090092A2
:10943000FFF730FC009A204682F001024146FFF718
:1094400029FC8DF814808DF8157008230493636847
:10945000CDF80CB007FA05F2C3F8AC21A2684FEAC8
:10946000C5194A44906AD2F82CC0D3F8401141F48F
:109470000051C3F84011D3F840118904F5D51063A9
:10948000C2F834C0D3F84021206822F40052C3F857
:10949000402103A9FFF70BF90135072DB9D17FE76B
:1094A0004FF0000B23FA0BF2D6075FFA8BF705D4C7
:1094B0000BF1010BBBF1200FF4D178E7BBF10F0FDB
:1094C00083BF103FFFB201220022062FF0D80021F7
:1094D00002EB47085FFA88F80391049167B95AB123
:1094E000A16891F87800850706D5086C80005EBFFA
:1094F000086C40F00050086404EB880647EAC2118B
:109500007569009107EB0217012225F01F054FEA4C
:10951000881802FA07F74FF00009002DC8D07569C6
:1095200025F01F052A465AB15168090602D4516830
:1095300008046FD551680906BAD452681204B7D529
:10954000002DB5D069680806E7D4039949B9A96820
:10955000A88B21F47F6121F00F01C0F30B000143C0
:1095600003916868E969C0F30E40C1F31231091A2A
:10957000049801440491F06C716981424ED1C6F89F
:109580001490C6F84C90A168414401228A60C1F849
:109590000C906968090403D4716931F01F020ED17F
:1095A0000193009B8DF814308DF81590206803A965
:1095B000FFF77DF8019BCDF80C90CDF81090216954
:1095C000C5F80490296094F884102561013184F86D
:1095D0008410716931F01F013FF46AAF48680206D8
:1095E0000D46ADD56268C2F8B071D2F8B801074235
:1095F000A6D1D2F8B0010742FBD1D2F8B80117EAE0
:10960000000E9DD1A06840448160C0F80CE0C2F813
:10961000B07195E7126822F01F0284E70968716152
:10962000B7E7000030B51A4B054693E8070087B04E
:109630006C4606AB012D84E8070003E9070002D859
:10964000002007B030BDAB1EDBB2012B09D9AB1F28
:10965000DBB2012B05D9A5F10A03DBB2012B88BFD0
:109660002B460022114654F8040B28B106AD05EB39
:109670008205013245F80C0C01310329F3D19342E4
:10968000DED806AA02EB830353F80C0CD9E700BF1F
:109690003097006038B505461446FFF7C3FF002831
:1096A00038D0AA1E6023534303F1804303F55823A7
:1096B0004FF4C012C3F8B421036B43F48043036337
:1096C000036B43F40043036300230360A5F10A0323
:1096D000012B02D9063D012D05D84FF40023436329
:1096E0004FF480134363BCB16378A17802691B0413
:1096F000090201F4706103F470230B43217822F016
:109700000F1201F00F010B4322F470621343036147
:10971000002038BD0120FCE72046FAE7EFF3108374
:0C97200072B60360704780F31088704739
:10972C000C0606000000000000900D4000A00D404B
:10973C00040C0020000000000000000000000000ED
:10974C00000000000000000000000000000000000D
:10975C0000000000000000000000000000000000FD
:10976C0000000000000000000000000000000000ED
:10977C0000000000000000000000000000000000DD
:10978C0000000000000000000000000000000000CD
:10979C00000000002E002B003900E100000000004A
:1097AC0000001E00140004001D0035000000000025
:1097BC001F001A0016001B0049004D00000020007D
:1097CC0008000700060050004A002A00210015007E
:1097DC0009001900000000004C00220017000A00CC
:1097EC0005004F00E200E00023001C000B001100FC
:1097FC0052002C004E00240018000D001000000038
:10980C002800000025000C000E0036005100E4007A
:10981C004B00260012000F0037002F000000E7005D
:10982C0027001300330038003000000000002D002A
:10983C0031003400E50000000000000029003C006D
:10984C003F0042004500480000003A003D00400047
:10985C0043004600005C00003B003E004100440019
:10986C00470000000000E200E900EA00B500B60085
:10987C00B700CD008301CC008A0192019401210232
:10988C00230224022502260227022A02B300B40076
:10989C006F007000E200E900EA00B500B600B70006
:1098AC00CD008301CC008A01920194012102230294
:1098BC0024022502260227022A02B300B4006F00FC
:1098CC0070000000120000420E0000420F00004227
:1098DC0014000042160000421300004206400042F1
:1098EC0008400042094000420A4000420B4000423E
:1098FC00074000421000004205C0004203C0004275
:10990C0004C00042010000420000004202C00042BC
:10991C001100004217000042150000420300000035
:10992C0000000000636200600000000008000000FE
:10993C0048110020000000000200000000000000A0
:10994C0003000000000000005965006000000000EA
:10995C00200000009C11002000000000020000000C
:10996C0000000000B5620060656200600964006080
:10997C00556200601C9A0060209A0060629A006038
:10998C0004402009023B00020100A032090400003F
:10999C00010301010009211101000122400007050A
:1099AC0081030800010904010001030000000921E2
:1099BC001101000122B600070582032000011201EB
:1099CC0000020000004009125C3401000102000199
:1099DC0005010906A101050719E029E71500250174
:1099EC00950875018102950175088101050719001B
:1099FC0029FF150026FF009506750881000508193A
:109A0C00012905950575019102950175039101C018
:109A1C000403090440032200680074007400700001
:109A2C0073003A002F002F00670069007400680073
:109A3C00750062002E0063006F006D002F00730034
:109A4C0074006100700065006C00620065007200BB
:109A5C00670022000000200322006B0069006E00EA
:109A6C005400200028006B0069006E007400340064
:109A7C00310029002200000005010902A101850224
:109A8C000901A100050919012908150025019508EE
:109A9C00750181020501093009311581257F950277
:109AAC007508810609381581257F95017508810691
:109ABC00050C0A38021581257F950175088106C0B1
:109ACC00C005010980A101850319012AB700150100
:109ADC0026B700950175108100C0050C0901A10184
:109AEC00850419012AA002150126A0029501751002
:109AFC008100C005010906A1018506050719E029A9
:109B0C00E715002501950875018102050719002943
:109B1C00EF1500250195F075018102050819012941
:109B2C0005950575019102950175039101C0000021
:109B3C00FC9E0060FC220020FC220020FC22002065
:109B4C00FC9E00600000000000000000000000000F
:109B5C00FC9E0060000000000000000000000000FF
:109B6C00FC9E0060000000000000000000000000EF
:109B7C00FC9E0060000000000000000000000000DF
:109B8C00FC9E0060000000000000000000000000CF
:109B9C00FC9E0060000000000000000000000000BF
:109BAC00FC9E0060000000000000000000000000AF
:109BBC006D61696E0069646C65000000C19B00609A
:109BCC0040210020F821002001000000F569006010
:109BDC00000000000000010000006578697400625C
:109BEC007573795368696674203C3D2043434D5F1F
:109BFC004E4F5F425553595F57414954002E2F6CBD
:109C0C0069622F63686962696F732D636F6E74721A
:109C1C0069622F6578742F6D6375782D73646B2F63
:109C2C00646576696365732F4D494D5852543130D4
:109C3C0036322F647269766572732F66736C5F634C
:109C4C006C6F636B2E6800434C4F434B5F536574D2
:109C5C004D757800434C4F434B5F536574446976A4
:109C6C000000000064000000000000000100000083
:109C7C0000000000010000000000000000000000D7
:109C8C00216279706173735874616C4F7363006CEB
:109C9C0069622F63686962696F732D636F6E74728A
:109CAC0069622F6578742F6D6375782D73646B2FD3
:109CBC00646576696365732F4D494D585254313044
:109CCC0036322F647269766572732F66736C5F63BC
:109CDC006C6F636B2E6300434C4F434B5F496E6953
:109CEC007445787465726E616C436C6B0000000097
:109CFC0000000000DD700060A57300605774006008
:109D0C0040004000E82200204C220020010000000E
:109D1C00B0110020658D0060118E00604D8E0060CA
:109D2C00598E0060618E0060319000602C20667549
:109D3C006E6374696F6E3A20000000006173736586
:109D4C007274696F6E2022257322206661696C65BE
:109D5C00643A2066696C6520222573222C206C697C
:109D6C006E65202564257325730A0000232D302B86
:109D7C0020000000686C4C00656667454647000093
:109D8C003031323334353637383941424344454625
:109D9C0000000000303132333435363738396162E7
:089DAC0063646566000000001D
:089DB400987BFF7F0100000015
:109DBC00040C002000000000809700606097006099
:109DCC004097006000000000000000000000000050
:109DDC000000000000000000000000000000000077
:109DEC000000000000000000000000000000000067
:109DFC000000000000000000000000000000000057
:109E0C000000000000000000000000000000000046
:109E1C0000000000C8000000A4100020FD4F0060EE
:109E2C000614040A1E64010101000000B9660060FA
:109E3C00C56600605567006099670060A1670060A7
:109E4C000000000000A4781F2D2C04050608545BAC
:109E5C005A554A4C4B4D3C3D41403B3A444542439C
:109E6C0036374849201F2524560767665C5D4647F0
:109E7C003E3F6D6C6B6A6F6E181B1C161A191D2DEC
:109E8C002C04050608545B5A554A4C4B4D3C3D413D
:109E9C00403B3A4445424336374849201F25245617
:109EAC000767665C5D46473E3F6D6C6B6A6F6E186C
:109EBC001B1C161A191D0302040506080A11100BA7
:109ECC00000201031213171611101A1B18190C0D8E
:109EDC001E1F121F17160C071D1C12131C1D141508
:109EEC000F0E0D0C1110181B1C161A191D0000005A
:04000005600018E996
:00000001FF
